date,num_guests,num_guests_A,num_guests_D,num_guests_E,num_guests_B,num_guests_lux,avg_rev_guest,avg_rev_A,avg_rev_D,avg_rev_E,avg_rev_B,avg_rev_lux,rev_total,A_rev,D_rev,E_rev,B_rev,lux_rev
7/1/2015,65,65,0,0,0,0,94.86,94.86,0,0,0,0,6224.8,6224.8,0,0,0,0
7/2/2015,66,66,0,0,0,0,94.73,94.73,0,0,0,0,6310.8,6310.8,0,0,0,0
7/3/2015,13,13,0,0,0,0,75.61,75.61,0,0,0,0,982.9,982.9,0,0,0,0
7/4/2015,22,22,0,0,0,0,71.50,71.5,0,0,0,0,1572.98,1572.98,0,0,0,0
7/5/2015,12,12,0,0,0,0,68.98,68.98,0,0,0,0,827.71,827.71,0,0,0,0
7/6/2015,11,11,0,0,0,0,64.73,64.73,0,0,0,0,712.08,712.08,0,0,0,0
7/7/2015,12,12,0,0,0,0,64.54,64.54,0,0,0,0,774.45,774.45,0,0,0,0
7/8/2015,27,27,0,0,0,0,60.21,60.21,0,0,0,0,1625.71,1625.71,0,0,0,0
7/9/2015,27,27,0,0,0,0,61.84,61.84,0,0,0,0,1669.59,1669.59,0,0,0,0
7/10/2015,6,6,0,0,0,0,73.60,73.6,0,0,0,0,441.61,441.61,0,0,0,0
7/11/2015,37,37,0,0,0,0,84.61,84.61,0,0,0,0,3130.64,3130.64,0,0,0,0
7/12/2015,33,33,0,0,0,0,85.01,85.01,0,0,0,0,2805.18,2805.18,0,0,0,0
7/13/2015,32,32,0,0,0,0,83.43,83.43,0,0,0,0,2669.78,2669.78,0,0,0,0
7/14/2015,2,2,0,0,0,0,56.98,56.98,0,0,0,0,113.96,113.96,0,0,0,0
7/15/2015,25,25,0,0,0,0,62.26,62.26,0,0,0,0,1556.5,1556.5,0,0,0,0
7/16/2015,25,25,0,0,0,0,62.26,62.26,0,0,0,0,1556.5,1556.5,0,0,0,0
7/17/2015,56,56,0,0,0,0,99.18,99.18,0,0,0,0,5554,5554,0,0,0,0
7/18/2015,99,99,0,0,0,0,86.36,86.36,0,0,0,0,8549.41,8549.41,0,0,0,0
7/19/2015,44,44,0,0,0,0,69.38,69.38,0,0,0,0,3052.91,3052.91,0,0,0,0
7/20/2015,24,24,0,0,0,0,67.11,67.11,0,0,0,0,1610.66,1610.66,0,0,0,0
7/21/2015,17,17,0,0,0,0,57.19,57.19,0,0,0,0,972.16,972.16,0,0,0,0
7/22/2015,25,21,3,0,0,1,59.86,59.46,62,0,0,62,1496.62,1248.62,186,0,0,62
7/23/2015,63,46,11,1,3,2,73.12,68.97,83.10909091,90,92.73333333,76,4606.86,3172.46,914.2,90,278.2,152
7/24/2015,6,4,1,0,0,1, $-   ,0,0,0,0,0,0,0,0,0,0,0
7/25/2015,67,44,20,0,2,1,55.26,53.72,57.585,0,62,63,3702.45,2363.75,1151.7,0,124,63
7/26/2015,39,22,14,0,2,1,57.45,58.1,55.37142857,0,62,63,2240.45,1278.25,775.2,0,124,63
7/27/2015,64,40,19,2,2,1,60.33,58.99,61.11052632,76.7,62,63,3861.25,2359.75,1161.1,153.4,124,63
7/28/2015,55,29,20,2,2,2,55.80,55.41,56.084,76.7,62,31.5,3068.98,1606.9,1121.68,153.4,124,63
7/29/2015,25,15,6,2,1,1,56.92,59.8,64.78,34.7,68,0,1423.04,896.96,388.68,69.4,68,0
7/30/2015,18,13,4,0,1,0,56.64,55.07,58.92,0,68,0,1019.56,715.88,235.68,0,68,0
7/31/2015,18,14,3,0,1,0,61.31,64.56,43.89666667,0,68,0,1103.53,903.84,131.69,0,68,0
8/1/2015,31,19,9,0,3,0,70.14,73.89,59.10444444,0,79.5,0,2174.38,1403.94,531.94,0,238.5,0
8/2/2015,34,21,11,0,2,0,63.11,69.76,48.35818182,0,74.375,0,2145.67,1464.98,531.94,0,148.75,0
8/3/2015,51,32,15,0,3,1,63.61,65.2,61.796,0,76.91666667,0,3244.17,2086.48,926.94,0,230.75,0
8/4/2015,38,25,12,0,0,1,59.18,62.82,56.51583333,0,0,0,2248.77,1570.58,678.19,0,0,0
8/5/2015,101,71,28,1,0,1,62.59,60.51,69.62142857,76.5,0,0,6321.82,4295.92,1949.4,76.5,0,0
8/6/2015,113,80,27,1,5,0,66.33,64.07,70.35481481,76.5,78.8,0,7495.75,5125.67,1899.58,76.5,394,0
8/7/2015,109,78,21,2,6,2,71.15,67.45,75.17047619,68.25,77.41666667,157.5,7755.75,5261.17,1578.58,136.5,464.5,315
8/8/2015,128,92,25,1,5,5,76.92,72.37,79.788,60,71.8,154.8,9846.12,6658.42,1994.7,60,359,774
8/9/2015,110,75,21,3,7,4,80.17,79.15,78.81904762,66.25,59.57142857,153,8819.2,5936.25,1655.2,198.75,417,612
8/10/2015,159,104,36,3,11,5,78.91,79.79,72.11666667,82.08333333,71.36363636,124.2,12546.16,8297.71,2596.2,246.25,785,621
8/11/2015,172,106,39,6,14,7,80.35,81.68,74.91025641,92.54166667,64.45714286,111.8571429,13820.55,8658.4,2921.5,555.25,902.4,783
8/12/2015,140,94,25,4,12,5,80.54,82.89,74.36,92.5625,66.325,91.8,11276.18,7792.03,1859,370.25,795.9,459
8/13/2015,122,86,16,4,10,6,81.33,82.16,76.6875,92.5625,64.79,102,9922.61,7065.46,1227,370.25,647.9,612
8/14/2015,147,98,36,2,7,4,94.70,96.02,98.04166667,95.75,67.71428571,78.75,13920.37,9410.37,3529.5,191.5,474,315
8/15/2015,180,113,44,8,11,4,91.13,89.36,96.55681818,95.625,77.72727273,109.25,16403.33,10097.83,4248.5,765,855,437
8/16/2015,106,69,20,7,6,4,82.18,78.8,95.89,91.57142857,41.16666667,117,8711.3,5437.5,1917.8,641,247,468
8/17/2015,153,107,32,6,4,4,84.56,79.9,97.759375,95.58333333,54.5,117,12937.34,8549.54,3128.3,573.5,218,468
8/18/2015,163,108,38,5,6,6,86.74,80.97,96.37631579,84.066,88.08333333,130.5,14138.85,8744.72,3662.3,420.33,528.5,783
8/19/2015,117,76,26,4,6,5,90.07,88.24,85.49653846,96.8325,82.58333333,145.4,10538.6,6705.86,2222.91,387.33,495.5,727
8/20/2015,113,73,24,6,5,5,89.89,88.14,90.47875,75.18,76.5,143.6,10157.59,6434.52,2171.49,451.08,382.5,718
8/21/2015,105,68,20,5,5,7,91.23,86.73,91.937,80.466,76.5,151.0957143,9578.78,5897.54,1838.74,402.33,382.5,1057.67
8/22/2015,115,76,25,4,3,7,89.43,83.93,102.4696,69.5825,72.33333333,121.2385714,10284.17,6378.43,2561.74,278.33,217,848.67
8/23/2015,106,69,23,4,3,7,88.46,82.12,92.64086957,69.5825,88,148.0957143,9376.25,5666.51,2130.74,278.33,264,1036.67
8/24/2015,126,80,33,1,7,5,80.03,75.33,85.49969697,0,66.92857143,153.6,10084.03,6026.04,2821.49,0,468.5,768
8/25/2015,131,74,40,1,7,9,77.34,71.89,73.85975,0,66.92857143,154.3333333,10131.88,5319.99,2954.39,0,468.5,1389
8/26/2015,132,70,38,6,11,7,75.54,72.32,72.87763158,81.66666667,66,132,9971.62,5062.27,2769.35,490,726,924
8/27/2015,113,65,31,5,8,4,77.16,72.07,76.19258065,98,71.25,153,8718.62,4684.65,2361.97,490,570,612
8/28/2015,82,46,27,1,4,4,81.21,80.71,77.04333333,90,38.25,155.8325,6659.04,3712.54,2080.17,90,153,623.33
8/29/2015,81,51,23,1,2,4,93.90,91.48,93.48565217,89,39,155.8325,7606.18,4665.68,2150.17,89,78,623.33
8/30/2015,63,40,19,1,1,2,91.71,91.96,89.56157895,89,0,154.5,5777.96,3678.29,1701.67,89,0,309
8/31/2015,99,73,20,2,1,3,87.35,83.3,94.2415,107.5,0,155.5266667,8647.24,6080.83,1884.83,215,0,466.58
9/1/2015,97,65,18,4,4,6,84.52,78.81,91.61,72.75,69.225,143.1383333,8198.3,5122.59,1648.98,291,276.9,858.83
9/2/2015,127,81,29,5,6,6,83.92,79.43,86.6237931,69.11,58.65,168.9716667,10657.27,6433.9,2512.09,345.55,351.9,1013.83
9/3/2015,130,80,29,4,7,10,97.30,92.04,95.16758621,86.3875,74.45,165.933,12649.41,7363.52,2759.86,345.55,521.15,1659.33
9/4/2015,207,128,54,9,10,6,94.49,91.72,95.91407407,77.99111111,93.815,166.5133333,19558.95,11740.44,5179.36,701.92,938.15,999.08
9/5/2015,199,119,51,9,10,10,91.48,88.71,89.25686275,86.95222222,91.34,139.958,18203.56,10555.91,4552.1,782.57,913.4,1399.58
9/6/2015,217,134,53,7,14,9,81.60,79.96,77.40037736,96.55142857,69.27857143,138.2777778,17707.27,10714.79,4102.22,675.86,969.9,1244.5
9/7/2015,212,128,51,9,13,11,87.48,87.94,81.10196078,102.2433333,59.33846154,132.8709091,18545.42,11256.05,4136.2,920.19,771.4,1461.58
9/8/2015,165,112,34,8,4,7,95.10,98.1,86.61147059,102.21125,49.25,106.2971429,15691.06,10987.5,2944.79,817.69,197,744.08
9/9/2015,199,129,52,6,5,7,96.57,95.48,95.40576923,100.0733333,65.6,144.44,19216.96,12316.34,4961.1,600.44,328,1011.08
9/10/2015,187,124,51,1,5,6,95.55,97.39,88.3872549,105.65,65.6,141.625,17867.54,12076.39,4507.75,105.65,328,849.75
9/11/2015,187,121,47,5,8,6,91.49,91.9,96.28191489,103.8,51.25,89.16666667,17108.85,11119.6,4525.25,519,410,535
9/12/2015,194,127,51,3,11,2,86.14,87.13,89.0254902,131.3333333,48.54545455,88.5,16711.08,11065.78,4540.3,394,534,177
9/13/2015,129,97,28,0,2,2,94.01,96.36,81.8875,0,62,181.665,12127.01,9346.83,2292.85,0,124,363.33
9/14/2015,171,121,41,2,2,5,94.35,94.14,88.80487805,120.5,62,147.466,16134.44,11391.11,3641,241,124,737.33
9/15/2015,195,125,53,3,7,7,96.38,96.82,88.67811321,150.1666667,83.64285714,136.6942857,18794.99,12102.19,4699.94,450.5,585.5,956.86
9/16/2015,210,128,53,8,13,8,92.82,93.52,87.91962264,129.99625,56.94230769,135.20125,19491.78,11970.21,4659.74,1039.97,740.25,1081.61
9/17/2015,216,129,51,12,15,9,87.91,88.66,86.77686275,116.595,60.3,91.36444444,18988.1,11436.56,4425.62,1399.14,904.5,822.28
9/18/2015,220,129,56,10,15,10,96.08,93.36,95.66482143,118.434,99.41666667,106.128,21137.27,12043.17,5357.23,1184.34,1491.25,1061.28
9/19/2015,218,130,50,14,14,10,100.03,93.33,106.774,125.7921429,95.53571429,123.573,21806.35,12133.33,5338.7,1761.09,1337.5,1235.73
9/20/2015,174,107,47,9,3,8,100.31,93.49,107.137234,117.0466667,89.5,136.6225,17453.57,10003.22,5035.45,1053.42,268.5,1092.98
9/21/2015,211,123,58,10,10,10,98.19,94.86,96.24241379,113.442,75.05,158.302,20718.35,11668.35,5582.06,1134.42,750.5,1583.02
9/22/2015,219,131,55,9,14,10,99.13,95.37,99.48218182,112.8611111,108.5,121.021,21710.32,12493.84,5471.52,1015.75,1519,1210.21
9/23/2015,209,128,54,8,14,5,120.51,126.99,103.987037,107.375,120.1192857,155.09,25186.47,16255.05,5615.3,859,1681.67,775.45
9/24/2015,197,132,37,8,15,5,123.93,126.96,109.5905405,95.5,127.8546667,183.564,24413.77,16759.28,4054.85,764,1917.82,917.82
9/25/2015,216,135,47,9,15,10,155.35,151.08,157.7044681,183.3333333,143.378,194.7,33555.32,20395.54,7412.11,1650,2150.67,1947
9/26/2015,188,112,49,9,9,9,160.96,152.52,169.2291837,183.3333333,166.7777778,192.7777778,30260.53,17082.3,8292.23,1650,1501,1735
9/27/2015,194,122,45,9,8,10,159.07,151.45,166.8273333,181.1111111,166.375,191.5,30860.46,18477.23,7507.23,1630,1331,1915
9/28/2015,197,126,44,9,8,10,155.32,146.44,165.0120455,181.1111111,166.375,192.6,30598.64,18451.11,7260.53,1630,1331,1926
9/29/2015,164,118,35,1,7,3,136.99,137.49,122.3017143,165,165.8571429,212,22466.29,16223.73,4280.56,165,1161,636
9/30/2015,113,86,22,1,1,3,103.32,104.5,86.16318182,111.33,109,190.8333333,11675.11,8986.69,1895.59,111.33,109,572.5
10/1/2015,92,72,14,3,2,1,105.30,102.55,108.2992857,133.7766667,100,186.5,9687.68,7383.66,1516.19,401.33,200,186.5
10/2/2015,211,131,57,6,14,3,100.73,98.91,102.5107018,124.3883333,92.5,137.5566667,21253.86,12956.75,5843.11,746.33,1295,412.67
10/3/2015,200,119,57,8,13,3,98.97,95.4,100.9508772,113.59,91.92307692,194.49,19794.48,11353.09,5754.2,908.72,1195,583.47
10/4/2015,161,109,37,6,4,5,90.76,90.35,88.34378378,100.3283333,73.75,119.794,14612.54,9847.88,3268.72,601.97,295,598.97
10/5/2015,174,118,40,7,3,6,100.35,98.12,101.05025,121.1671429,129.6666667,100.4666667,17460.1,11578.12,4042.01,848.17,389,602.8
10/6/2015,180,111,49,7,6,7,99.42,100.11,95.69,121.0457143,107.4166667,86.11428571,17895.95,11112.52,4688.81,847.32,644.5,602.8
10/7/2015,222,138,48,9,14,13,95.81,95.54,93.94104167,109.5466667,82.33571429,110.4769231,21269.12,13185.13,4509.17,985.92,1152.7,1436.2
10/8/2015,223,137,52,7,14,13,93.52,93.79,90.98615385,109.8571429,82.33571429,104.1561538,20856.03,12849.02,4731.28,769,1152.7,1354.03
10/9/2015,205,122,50,11,12,10,98.43,92.99,108.4498,116.9090909,70.52916667,127.889,20178.18,11344.45,5422.49,1286,846.35,1278.89
10/10/2015,222,134,55,10,14,9,86.26,82.58,94.54436364,93.563,57.79642857,126.5122222,19149.59,11066.26,5199.94,935.63,809.15,1138.61
10/11/2015,173,106,42,8,8,9,83.18,79.97,85.48095238,80.45375,52.88625,139.5011111,14389.71,8477.28,3590.2,643.63,423.09,1255.51
10/12/2015,175,124,32,7,6,6,83.94,82.82,82.383125,102.2328571,70.84833333,107.0183333,14688.98,10269.89,2636.26,715.63,425.09,642.11
10/13/2015,156,113,30,4,7,2,90.40,90.03,88.231,115.75,97.28571429,68.72,14101.98,10173.61,2646.93,463,681,137.44
10/14/2015,133,89,33,5,5,1,91.96,91.65,86.92575758,121.8,109.6,48,12230.47,8156.92,2868.55,609,548,48
10/15/2015,190,132,46,5,6,1,93.75,94.19,88.08565217,127.4,107.05,48,17812.17,12432.93,4051.94,637,642.3,48
10/16/2015,216,139,49,10,11,7,96.76,96.82,94.85653061,104.65,103.6636364,86.83571429,20900.87,13458.25,4647.97,1046.5,1140.3,607.85
10/17/2015,217,133,51,11,12,10,93.01,90.51,94.4445098,99.31818182,103.55,99.368,20183.63,12038.18,4816.67,1092.5,1242.6,993.68
10/18/2015,155,103,35,7,7,3,93.58,91.04,96.07514286,105.0714286,103.6571429,101.1933333,14504.58,9377.27,3362.63,735.5,725.6,303.58
10/19/2015,196,133,37,7,10,9,90.21,87.99,84.69783784,116.5714286,100.776,113.3888889,17680.94,11702.86,3133.82,816,1007.76,1020.5
10/20/2015,215,133,47,8,16,11,94.59,92.94,91.01170213,115.375,93.49625,116.35,20336.85,12360.51,4277.55,923,1495.94,1279.85
10/21/2015,215,138,46,8,14,9,89.58,89.86,76.14913043,119.375,88.23285714,129.5611111,19259.82,12400.65,3502.86,955,1235.26,1166.05
10/22/2015,145,81,43,7,7,7,96.68,94.73,91.26767442,117.0128571,79.78,149.1571429,14019.23,7673.07,3924.51,819.09,558.46,1044.1
10/23/2015,127,78,32,4,7,6,95.86,88.19,97.02375,132.335,81.10285714,182.3366667,12174.62,6878.78,3104.76,529.34,567.72,1094.02
10/24/2015,107,66,26,2,8,5,101.08,95.88,103.2515385,128.67,80.7025,179.944,10815.17,6327.95,2684.54,257.34,645.62,899.72
10/25/2015,195,121,51,6,12,5,94.10,91.86,95.63705882,104.445,83.16,146.354,18349.24,11115.39,4877.49,626.67,997.92,731.77
10/26/2015,199,126,50,6,12,5,91.58,89.92,88.2314,104.6116667,89.80916667,155.53,18224.57,11329.97,4411.57,627.67,1077.71,777.65
10/27/2015,186,114,50,6,12,4,90.29,89.15,86.0888,105.715,92.86166667,144.4625,16794.4,10163.48,4304.44,634.29,1114.34,577.85
10/28/2015,173,109,43,4,10,7,91.33,90.72,87.67837209,101.4275,94.269,113.2642857,15800.34,9888.92,3770.17,405.71,942.69,792.85
10/29/2015,201,131,48,5,10,7,90.06,88.94,88.019375,98.142,94.269,113.2642857,18102.89,11651.71,4224.93,490.71,942.69,792.85
10/30/2015,177,114,45,4,6,8,88.42,86.27,87.35777778,92.5,99.61666667,114.54,15649.5,9834.38,3931.1,370,597.7,916.32
10/31/2015,99,62,25,2,3,7,81.92,77.36,83.972,93,85.25,110.4985714,8110.56,4796.02,2099.3,186,255.75,773.49
11/1/2015,94,53,33,3,4,1,77.05,71.64,80.42575758,82.66666667,88.605,189.49,7242.66,3796.7,2654.05,248,354.42,189.49
11/2/2015,68,34,27,3,3,1,75.91,77.97,77.04851852,55.95666667,87.52666667,0,5161.89,2651.13,2080.31,167.87,262.58,0
11/3/2015,72,35,31,3,2,1,76.60,78.09,77.81387097,55.95666667,101,0,5515.1,2733,2412.23,167.87,202,0
11/4/2015,80,38,32,5,3,2,79.04,80.79,80.2771875,67.974,102.5,18.535,6323.51,3070.2,2568.87,339.87,307.5,37.07
11/5/2015,89,43,27,4,9,6,80.05,81,75.91703704,73.5,99.94444444,66.32833333,7124.28,3483.05,2049.76,294,899.5,397.97
11/6/2015,112,71,23,3,8,7,77.67,76.18,75.47956522,77.33333333,104.375,69.50285714,8698.55,5409,1736.03,232,835,486.52
11/7/2015,98,66,19,3,3,7,73.08,71.62,73.79947368,77.33333333,87.33333333,77.00285714,7161.8,4726.59,1402.19,232,262,539.02
11/8/2015,90,60,21,2,2,5,71.42,69.61,73.58333333,82,73.85,78.8,6427.51,4176.56,1545.25,164,147.7,394
11/9/2015,56,33,14,3,2,4,80.20,78.72,82.31785714,86.33333333,73.85,83.5,4490.97,2597.82,1152.45,259,147.7,334
11/10/2015,59,36,15,4,2,2,71.70,70.55,64.89066667,99.2,73.85,86.5,4230.48,2539.62,973.36,396.8,147.7,173
11/11/2015,70,40,21,4,2,3,76.74,79.07,65.99333333,98.0625,73.85,94.33333333,5371.56,3162.75,1385.86,392.25,147.7,283
11/12/2015,65,35,22,4,2,2,70.86,76.27,63.05863636,75.5625,84.35,39,4605.82,2669.58,1387.29,302.25,168.7,78
11/13/2015,58,30,22,4,1,1,73.18,77.09,66.46863636,77.6125,81,78,4244.54,2312.78,1462.31,310.45,81,78
11/14/2015,58,29,22,3,2,2,75.38,78.68,70.98863636,67.81666667,81,81.5,4371.79,2281.59,1561.75,203.45,162,163
11/15/2015,46,25,18,1,2,0,71.86,77.3,67.27222222,0,81,0,3305.43,1932.53,1210.9,0,162,0
11/16/2015,42,21,16,1,2,2,69.00,74.37,63.654375,0,81,77.95,2898.04,1561.67,1018.47,0,162,155.9
11/17/2015,59,34,20,1,1,3,72.18,73.54,70.5065,65,62,73.63333333,4258.53,2500.5,1410.13,65,62,220.9
11/18/2015,126,86,28,6,0,6,70.62,72.51,66.80821429,71.66666667,0,60.31666667,8898.63,6236.1,1870.63,430,0,361.9
11/19/2015,127,86,30,6,0,5,70.03,72.56,64.805,71.66666667,0,56,8894.1,6239.95,1944.15,430,0,280
11/20/2015,191,129,47,7,0,8,71.21,72.2,68.16212766,71.85714286,0,72.625,13601.59,9313.97,3203.62,503,0,581
11/21/2015,125,87,30,3,0,5,72.43,73.1,67.999,74.33333333,0,86.2,9053.91,6359.94,2039.97,223,0,431
11/22/2015,44,29,12,0,3,0,74.98,72.58,78.11666667,0,85.67,0,3299.27,2104.86,937.4,0,257.01,0
11/23/2015,147,103,40,0,4,0,71.80,71.75,70.30875,0,88.17,0,10554.82,7389.79,2812.35,0,352.68,0
11/24/2015,166,116,42,0,8,0,71.97,71.06,72.51166667,0,82.46,0,11947.56,8242.39,3045.49,0,659.68,0
11/25/2015,166,117,41,0,8,0,72.07,71.69,71.1095122,0,82.46,0,11962.83,8387.66,2915.49,0,659.68,0
11/26/2015,110,81,20,1,8,0,72.99,71.96,71.677,106.8,82.46,0,8029.03,5829.01,1433.54,106.8,659.68,0
11/27/2015,103,84,16,1,2,0,68.28,65.84,78.900625,106.8,66.44,0,7032.98,5530.89,1262.41,106.8,132.88,0
11/28/2015,98,80,13,0,4,1,66.31,64.72,76.13615385,0,66.44,65,6498.32,5177.79,989.77,0,265.76,65
11/29/2015,77,62,9,1,4,1,65.08,63.45,78.23111111,113,65.025,0,5011.18,3934,704.08,113,260.1,0
11/30/2015,29,19,6,0,3,1,66.27,68.12,70.52333333,0,68.15666667,0,1921.81,1294.2,423.14,0,204.47,0
12/1/2015,34,25,6,0,2,1,70.04,70.64,77.77666667,0,74.42,0,2381.4,1765.9,466.66,0,148.84,0
12/2/2015,44,35,7,0,0,2,68.72,72.41,69.85714286,0,0,0,3023.5,2534.5,489,0,0,0
12/3/2015,47,34,11,1,1,0,76.26,72.67,78.81909091,150,96.25,0,3584.01,2470.75,867.01,150,96.25,0
12/4/2015,80,44,20,4,9,3,81.48,69.1,82.437,103.11,96.20444444,183.67,6518.44,3040.41,1648.74,412.44,865.84,551.01
12/5/2015,207,119,58,7,16,7,78.29,72.27,71.42896552,111.9342857,92.155625,172.1728571,16205.95,8599.83,4142.88,783.54,1474.49,1205.21
12/6/2015,212,126,55,6,17,8,79.48,73.57,72.41781818,109.85,91.85705882,171.86375,16848.95,9270.39,3982.98,659.1,1561.57,1374.91
12/7/2015,179,114,46,5,10,4,75.42,71.88,70.07434783,111.82,92.577,149.475,13500.64,8194.45,3223.42,559.1,925.77,597.9
12/8/2015,55,37,15,1,1,1,76.01,81.07,71.776,104,0,0,4180.28,2999.64,1076.64,104,0,0
12/9/2015,55,41,11,1,0,2,65.35,67.07,64.09090909,0,0,69.75,3594.5,2750,705,0,0,139.5
12/10/2015,91,69,16,1,1,4,49.81,48.97,44.068125,96.3,116,59.125,4533.06,3379.17,705.09,96.3,116,236.5
12/11/2015,93,56,25,1,7,4,49.01,47.14,56.8536,96.3,37.21428571,34.875,4557.7,2640.06,1421.34,96.3,260.5,139.5
12/12/2015,55,32,17,1,3,2,68.84,71.11,69.36764706,120,24.08333333,69.75,3786.43,2275.43,1179.25,120,72.25,139.5
12/13/2015,30,20,8,2,0,0,67.47,68.35,59.875,89,0,0,2024.09,1367.09,479,178,0,0
12/14/2015,27,18,5,3,1,0,74.79,69.02,82.666,94,81.75,0,2019.4,1242.32,413.33,282,81.75,0
12/15/2015,21,11,5,4,1,0,78.99,73.55,75.2,96.5,87.7,0,1658.7,809,376,386,87.7,0
12/16/2015,29,18,6,3,1,1,73.73,70.98,75.875,109.3333333,77.25,0,2138.1,1277.6,455.25,328,77.25,0
12/17/2015,34,19,9,3,2,1,69.26,68.89,62.60444444,109.3333333,77.125,0,2354.69,1309,563.44,328,154.25,0
12/18/2015,51,33,13,0,3,2,70.89,70.11,68.79461538,0,79.25,85,3615.58,2313.5,894.33,0,237.75,170
12/19/2015,42,18,15,0,8,1,75.19,75.19,66.852,0,78.9375,170,3157.78,1353.5,1002.78,0,631.5,170
12/20/2015,36,20,9,0,7,0,72.30,73.46,68.75555556,0,73.53571429,0,2602.75,1469.2,618.8,0,514.75,0
12/21/2015,39,20,10,0,8,1,73.63,79.12,66.18,0,67.78125,85,2871.43,1582.38,661.8,0,542.25,85
12/22/2015,35,13,8,0,12,2,71.68,78.64,64.725,0,64.5625,97,2508.93,1022.38,517.8,0,774.75,194
12/23/2015,35,18,7,0,8,2,78.30,76.68,79.88,0,60,160.5,2740.44,1380.28,559.16,0,480,321
12/24/2015,50,27,13,0,8,2,75.58,73.37,78.06846154,0,57.75625,160.5,3778.97,1981.03,1014.89,0,462.05,321
12/25/2015,58,27,17,1,9,4,75.61,69.62,77.40529412,98.64,63.25333333,130.5,4385.59,1879.78,1315.89,98.64,569.28,522
12/26/2015,98,48,26,1,16,7,81.67,75.69,78.39884615,98.64,73.965625,150.0114286,8003.78,3633.24,2038.37,98.64,1183.45,1050.08
12/27/2015,129,69,36,2,13,9,85.51,77.67,82.81277778,105.32,88.29538462,148.0177778,11030.81,5358.91,2981.26,210.64,1147.84,1332.16
12/28/2015,154,88,41,2,12,11,89.40,81.18,85.67073171,146.5,91.45416667,156.4690909,13767.97,7143.86,3512.5,293,1097.45,1721.16
12/29/2015,196,114,54,6,11,11,90.03,82.17,89.42814815,143.955,92.24181818,142.8054545,17646.13,9367.76,4829.12,863.73,1014.66,1570.86
12/30/2015,194,116,49,8,7,14,98.68,85.42,101.3214286,158.3625,97.78285714,165.6985714,19144.65,9908.74,4964.75,1266.9,684.48,2319.78
12/31/2015,213,131,52,8,9,13,97.80,86.84,101.6686538,158.3625,106.9111111,149.0884615,20830.51,11376.49,5286.77,1266.9,962.2,1938.15
1/1/2016,164,92,45,5,10,12,102.66,89.4,103.7264444,149.912,107.759,176.4033333,16836.88,8225.2,4667.69,749.56,1077.59,2116.84
1/2/2016,169,112,39,4,10,4,92.10,89.11,91.35794872,60.4625,107.411,176.2875,15564.29,9980.22,3562.96,241.85,1074.11,705.15
1/3/2016,119,71,35,3,7,3,87.49,86.94,86.24114286,66.95,81.88857143,148.5833333,10411.02,6172.76,3018.44,200.85,573.22,445.75
1/4/2016,125,83,30,4,7,1,86.38,86.89,84.45733333,74.9625,84.76714286,159.08,10797.64,7211.62,2533.72,299.85,593.37,159.08
1/5/2016,61,43,13,3,2,0,74.22,78.12,70.09384615,35,76,0,4527.52,3359.3,911.22,105,152,0
1/6/2016,64,49,7,3,5,0,75.41,79.64,67.07142857,35,69.86,0,4826.06,3902.26,469.5,105,349.3,0
1/7/2016,56,41,6,3,5,1,69.94,73.74,59.16666667,71.26666667,64.9,0,3916.63,3023.33,355,213.8,324.5,0
1/8/2016,47,37,5,2,3,0,72.34,74.03,76.874,57.4,54,0,3400.1,2738.93,384.37,114.8,162,0
1/9/2016,49,36,8,2,3,0,73.74,76.15,74.39,57.4,54,0,3613.28,2741.36,595.12,114.8,162,0
1/10/2016,47,37,9,1,0,0,74.98,74.93,70.75333333,114.8,0,0,3523.86,2772.28,636.78,114.8,0,0
1/11/2016,36,29,6,1,0,0,74.94,72.9,78.13,114.8,0,0,2697.74,2114.16,468.78,114.8,0,0
1/12/2016,45,41,3,1,0,0,71.62,71.44,81.16,50,0,0,3222.7,2929.22,243.48,50,0,0
1/13/2016,40,31,8,0,1,0,70.30,73.93,64.28125,0,6,0,2812.06,2291.81,514.25,0,6,0
1/14/2016,67,53,8,0,5,1,63.77,64.94,68.185,0,49.064,40,4272.36,3441.56,545.48,0,245.32,40
1/15/2016,79,54,16,0,7,2,70.31,68.39,77.864375,0,58.11714286,104.5,5554.63,3692.98,1245.83,0,406.82,209
1/16/2016,90,60,20,0,7,3,71.40,68.72,75.349,0,58.11714286,129.6666667,6426.15,4123.35,1506.98,0,406.82,389
1/17/2016,53,35,14,1,1,2,76.47,77.17,69.06642857,126.33,50,104.5,4053.09,2700.83,966.93,126.33,50,209
1/18/2016,53,42,10,1,0,0,76.11,77.37,65.762,126.33,0,0,4033.62,3249.67,657.62,126.33,0,0
1/19/2016,122,95,21,2,4,0,74.64,75.15,68.31571429,124.165,71,0,9106.64,7139.68,1434.63,248.33,284,0
1/20/2016,126,91,27,3,4,1,74.33,74.67,73.05407407,104.65,71,0,9365.17,6794.76,1972.46,313.95,284,0
1/21/2016,99,67,28,2,2,0,77.17,76.79,74.04142857,121.475,89.125,0,7639.4,5145.04,2073.16,242.95,178.25,0
1/22/2016,73,45,23,2,2,1,77.35,78.84,72.93304348,121.475,89.125,0,5646.35,3547.69,1677.46,242.95,178.25,0
1/23/2016,77,47,20,3,6,1,78.41,77.93,75.778,121.76,82.21166667,1,6037.9,3662.79,1515.56,365.28,493.27,1
1/24/2016,54,36,15,1,2,0,74.17,73.42,72.206,122.33,78.385,0,4005.28,2643.09,1083.09,122.33,156.77,0
1/25/2016,82,59,18,1,3,1,71.07,70.24,74.91055556,100,78.43,0,5827.85,4144.17,1348.39,100,235.29,0
1/26/2016,79,53,24,1,1,0,75.96,73.6,80.08333333,100,78.25,0,6000.98,3900.73,1922,100,78.25,0
1/27/2016,84,57,21,2,2,2,69.68,74.17,59.75904762,0,98.625,86.5,5853,4227.81,1254.94,0,197.25,173
1/28/2016,81,59,16,1,4,1,79.65,79.01,68.4275,127,98.875,173,6451.81,4661.47,1094.84,127,395.5,173
1/29/2016,77,49,18,2,4,4,84.16,81.48,78.97388889,63.5,71.185,163.565,6480.07,3992.54,1421.53,127,284.74,654.26
1/30/2016,81,52,21,1,4,3,81.85,80.36,80.25,0,71.185,160.42,6629.81,4178.56,1685.25,0,284.74,481.26
1/31/2016,60,41,12,2,3,2,83.53,81.33,87.90583333,81.815,68.47333333,126.63,5011.72,3334.54,1054.87,163.63,205.42,253.26
2/1/2016,56,39,12,2,2,1,78.42,75.8,79.75,81.815,71.525,171.26,4391.28,2956.34,957,163.63,143.05,171.26
2/2/2016,49,34,12,1,2,0,74.71,73.86,76.88333333,84.03,71.525,0,3660.81,2511.13,922.6,84.03,143.05,0
2/3/2016,70,44,15,3,3,5,79.16,72.61,95.438,89.01,55.18333333,96.396,5540.89,3194.76,1431.57,267.03,165.55,481.98
2/4/2016,80,48,19,4,4,5,81.12,76,97.35210526,78.925,48.48,96.396,6489.27,3647.98,1849.69,315.7,193.92,481.98
2/5/2016,109,69,23,6,3,8,84.66,78.5,99.77652174,81.28333333,74.10333333,100.81,9228.03,5416.68,2294.86,487.7,222.31,806.48
2/6/2016,170,103,40,9,8,10,81.27,75.89,89.719,84.18555556,59.545,117.7,13816.15,7816.36,3588.76,757.67,476.36,1177
2/7/2016,162,97,44,2,12,7,78.56,74.28,83.85068182,67.335,54.96333333,148.3214286,12727.24,7205.33,3689.43,134.67,659.56,1038.25
2/8/2016,173,106,44,2,14,7,79.07,73.84,84.73886364,102.835,52.68071429,168.6071429,13678.59,7826.63,3728.51,205.67,737.53,1180.25
2/9/2016,155,99,38,2,14,2,73.52,71.3,80.41605263,102.835,52.62857143,169.5,11395.62,7058.34,3055.81,205.67,736.8,339
2/10/2016,100,67,17,4,10,2,77.82,75.22,86.64705882,104.9425,71.98,65,7782.33,5039.76,1473,419.77,719.8,130
2/11/2016,107,77,16,3,9,2,79.56,72.75,95.5175,120.3666667,80.09777778,150.5,8513.34,5602.08,1528.28,361.1,720.88,301
2/12/2016,148,89,38,4,13,4,82.57,75.19,88.86447368,110.75,82.14153846,160.15,12220.2,6691.91,3376.85,443,1067.84,640.6
2/13/2016,195,116,58,6,13,2,84.50,77.19,94.0187931,126.1666667,75.09846154,168,16476.55,8954.18,5453.09,757,976.28,336
2/14/2016,140,81,42,4,11,2,83.46,77.01,90.08333333,133.25,71.98,169,11683.79,6237.51,3783.5,533,791.78,338
2/15/2016,123,73,36,4,9,1,81.56,74.76,90.32111111,133.25,68.52333333,173,10031.81,5457.54,3251.56,533,616.71,173
2/16/2016,124,79,30,4,9,2,82.54,77.42,87.542,118.25,68.52333333,201.5,10235.15,6116.18,2626.26,473,616.71,403
2/17/2016,107,68,28,3,6,2,81.49,77.91,90.90214286,73,71.24666667,115,8719.41,5297.67,2545.26,219,427.48,230
2/18/2016,115,74,34,1,4,2,86.28,81.59,91.49823529,107,67.12,199,9921.92,6037.5,3110.94,107,268.48,398
2/19/2016,204,129,54,7,10,4,84.45,80.41,90.19259259,84.71428571,78.728,151,17227.81,10373.13,4870.4,593,787.28,604
2/20/2016,151,87,51,5,5,3,86.50,80.74,92.95588235,118.2,70.912,116.8333333,13061.24,7024.43,4740.75,591,354.56,350.5
2/21/2016,114,63,36,6,6,3,84.37,77.2,92.28583333,119.6666667,75.395,87.42333333,9618.74,4863.81,3322.29,718,452.37,262.27
2/22/2016,122,65,42,4,9,2,85.54,78.37,94.20047619,117.1225,80.36111111,96.635,10435.34,5093.91,3956.42,468.49,723.25,193.27
2/23/2016,128,73,36,5,9,5,86.69,77.58,95.95194444,115.098,80.36111111,136.054,11096.78,5663.5,3454.27,575.49,723.25,680.27
2/24/2016,135,85,28,6,9,7,86.65,77.65,96.21928571,101.0816667,88.13555556,143.4528571,11698.16,6600.14,2694.14,606.49,793.22,1004.17
2/25/2016,129,82,30,4,6,7,85.36,77.35,93.92566667,81.8725,92.56166667,138.3242857,11011.96,6343.06,2817.77,327.49,555.37,968.27
2/26/2016,139,86,41,4,3,5,85.49,75.61,97.71609756,81.8725,93.08666667,153.41,11882.8,6502.64,4006.36,327.49,279.26,767.05
2/27/2016,168,111,44,5,3,5,85.33,77.37,97.43568182,94.298,82.33333333,148.19,14334.81,8588.2,4287.17,471.49,247,740.95
2/28/2016,136,86,37,5,3,5,85.17,74.47,94.94108108,101.598,80.33333333,183.21,11582.65,6404.79,3512.82,507.99,241,916.05
2/29/2016,130,93,23,6,3,5,82.24,73.26,95.83,115.0833333,80.33333333,148.46,10691.08,6813.19,2204.09,690.5,241,742.3
3/1/2016,169,116,35,7,5,6,79.82,74.8,89.76914286,89.02571429,78.02,109.5416667,13488.88,8676.43,3141.92,623.18,390.1,657.25
3/2/2016,179,117,41,6,7,8,81.07,74.27,90.3604878,90.5,76.35428571,130.0725,14512.24,8689.4,3704.78,543,534.48,1040.58
3/3/2016,158,101,46,2,3,6,82.37,76.94,84.0723913,97.5,76.16,158.7633333,13014.8,7771.41,3867.33,195,228.48,952.58
3/4/2016,170,110,48,4,3,5,88.24,81.98,97.41125,101.625,86.86,128.066,15001.49,9018.34,4675.74,406.5,260.58,640.33
3/5/2016,194,129,52,5,6,2,86.54,81.08,96.54480769,100.7,81.155,158.665,16787.83,10459.74,5020.33,503.5,486.93,317.33
3/6/2016,154,103,42,4,5,0,81.57,80.26,87.13404762,63.7275,76.296,0,12562.48,8266.46,3659.63,254.91,381.48,0
3/7/2016,165,120,37,5,3,0,82.79,81.57,86.62,91.244,70.26666667,0,13660.57,9788.61,3204.94,456.22,210.8,0
3/8/2016,170,117,43,6,4,0,81.23,81.63,78.98930233,94.37,74.14,0,13809.81,9550.49,3396.54,566.22,296.56,0
3/9/2016,182,119,50,6,4,3,78.89,79.29,77.7418,89.37,74.5875,66.66666667,14357.19,9435.53,3887.09,536.22,298.35,200
3/10/2016,185,119,56,4,4,2,82.55,81.75,82.38125,97.5,85.0875,100,15271.46,9727.76,4613.35,390,340.35,200
3/11/2016,197,121,59,7,9,1,82.50,79.76,87.77389831,83.18571429,86.09222222,65,16251.79,9651,5178.66,582.3,774.83,65
3/12/2016,194,123,52,6,12,1,81.24,77.83,88.82634615,82.01333333,84.34666667,65,15761.35,9573.14,4618.97,492.08,1012.16,65
3/13/2016,193,133,45,6,8,1,80.10,78.07,86.57711111,87.59666667,81.77,0,15458.62,10382.91,3895.97,525.58,654.16,0
3/14/2016,174,120,43,2,8,1,80.46,77.69,91.11302326,95.5,71.09375,0,14000.52,9322.91,3917.86,191,568.75,0
3/15/2016,181,133,36,0,10,2,80.96,77.83,96.55638889,0,66.375,81.225,14654.07,10351.84,3476.03,0,663.75,162.45
3/16/2016,174,127,38,1,5,3,81.01,78.35,95.01973684,106,53.324,54.15,14095.93,9950.11,3610.75,106,266.62,162.45
3/17/2016,179,119,44,3,11,2,84.44,79.82,100.2838636,102.8433333,66.65909091,81.225,15115.25,9498.53,4412.49,308.53,733.25,162.45
3/18/2016,181,114,46,5,13,3,88.50,80.53,105.0591304,109.626,76.68846154,153.4833333,16018.9,9180.65,4832.72,548.13,996.95,460.45
3/19/2016,185,119,43,6,11,6,91.08,79.27,111.554186,114.5216667,86.95272727,162.4833333,16849,9433.66,4796.83,687.13,956.48,974.9
3/20/2016,212,127,58,10,13,4,91.41,78.38,112.2589655,115.428,82.18692308,172.9,19379.39,9954.06,6511.02,1154.28,1068.43,691.6
3/21/2016,214,122,59,10,15,8,93.21,79.79,110.5520339,107.828,83.17533333,170.57875,19946.96,9733.85,6522.57,1078.28,1247.63,1364.63
3/22/2016,191,104,52,8,16,11,96.83,81.32,113.6357692,113.61875,91.933125,158.91,18494.73,8457.78,5909.06,908.95,1470.93,1748.01
3/23/2016,195,105,55,8,15,12,100.22,83.76,113.2729091,130.9525,94.45066667,171.1825,19543.59,8795.01,6230.01,1047.62,1416.76,2054.19
3/24/2016,223,128,60,8,14,13,106.09,87.42,120.906,152.9125,97.39714286,202.0115385,23657.49,11190.12,7254.36,1223.3,1363.56,2626.15
3/25/2016,219,129,58,5,14,13,106.17,89.17,126.677931,159.274,101.48,168.0215385,23251.01,11502.32,7347.32,796.37,1420.72,2184.28
3/26/2016,201,118,53,7,13,10,103.54,88.55,123.9988679,157.2171429,95.59384615,144.828,20812.14,10448.68,6571.94,1100.52,1242.72,1448.28
3/27/2016,174,104,47,5,11,7,100.07,89.28,118.5678723,118.654,97.73272727,126.4114286,17411.52,9285.62,5572.69,593.27,1075.06,884.88
3/28/2016,167,92,54,5,9,7,99.74,88.8,112.237037,100.824,87.58,161.9885714,16656.84,8169.78,6060.8,504.12,788.22,1133.92
3/29/2016,180,106,49,7,9,9,97.53,88.79,108.6610204,121.5171429,56.61555556,162.1022222,17555.31,9411.84,5324.39,850.62,509.54,1458.92
3/30/2016,184,106,52,8,10,8,93.43,86.06,103.1928846,121.9525,57.305,144.33625,17191.39,9122,5366.03,975.62,573.05,1154.69
3/31/2016,204,124,61,5,9,5,91.32,82.11,104.447377,118.12,73.54222222,164.894,18630.14,10181.9,6371.29,590.6,661.88,824.47
4/1/2016,206,128,58,5,9,6,91.32,80.87,106.65,106.832,74.80222222,177.7816667,18811.58,10351.81,6185.7,534.16,673.22,1066.69
4/2/2016,189,122,47,7,9,4,89.09,80.73,106.2187234,107.0285714,69.09222222,156.505,16837.85,9848.52,4992.28,749.2,621.83,626.02
4/3/2016,152,86,46,6,10,4,95.20,83.72,112.051087,111.95,78.754,164.0925,14469.88,7199.92,5154.35,671.7,787.54,656.37
4/4/2016,174,112,40,7,11,4,92.80,84.89,108.9475,105.4714286,80.69454545,164.0925,16147.67,9507.46,4357.9,738.3,887.64,656.37
4/5/2016,179,120,41,6,9,3,90.81,85.11,102.6392683,94.31,84.65333333,168.9166667,16255.55,10212.85,4208.21,565.86,761.88,506.75
4/6/2016,216,137,54,6,13,6,93.81,89.8,97.95166667,103.6983333,90.60615385,145.175,20262.51,12302,5289.39,622.19,1177.88,871.05
4/7/2016,161,98,48,4,6,5,92.78,84.27,102.6020833,110.2975,81.36666667,165.034,14937.93,8258.47,4924.9,441.19,488.2,825.17
4/8/2016,170,100,47,7,7,9,97.17,84.23,106.8723404,133.7614286,76.87142857,177.6288889,16519.31,8423.22,5023,936.33,538.1,1598.66
4/9/2016,196,125,48,6,9,8,91.70,78.67,106.9741667,132.1416667,88.35333333,177.09875,17973.66,9834.08,5134.76,792.85,795.18,1416.79
4/10/2016,186,122,44,7,9,4,90.11,82.06,101.8165909,127.7357143,81.13111111,161.27,16760.85,10011.51,4479.93,894.15,730.18,645.08
4/11/2016,192,113,49,10,14,6,98.11,88.36,109.9079592,127.632,89.01785714,157.3316667,18836.66,9984.61,5385.49,1276.32,1246.25,943.99
4/12/2016,198,121,46,6,18,7,98.33,89.85,111.7067391,117.4116667,90.25,161.47,19470.04,10872.27,5138.51,704.47,1624.5,1130.29
4/13/2016,222,129,60,8,16,9,102.85,92.44,115.677,125.77125,91.528125,166.26,22832.82,11925.24,6940.62,1006.17,1464.45,1496.34
4/14/2016,176,104,48,5,13,6,104.76,92.39,121.8485417,152.608,85.56230769,184.1233333,18437.71,9608.89,5848.73,763.04,1112.31,1104.74
4/15/2016,180,107,47,4,10,12,106.26,93.61,114.6187234,164.85,79.073,189.4058333,19125.96,10015.88,5387.08,659.4,790.73,2272.87
4/16/2016,198,124,48,9,8,9,101.83,93.18,111.4839583,118.0255556,77.915,174.46,20161.85,11554.93,5351.23,1062.23,623.32,1570.14
4/17/2016,186,106,55,9,7,9,101.11,91.92,110.5178182,105.6111111,76.19,166.7033333,18806.09,9743.45,6078.48,950.5,533.33,1500.33
4/18/2016,202,125,48,12,12,5,95.69,88.56,108.5408333,106.5975,85.70083333,148.238,19328.58,11069.85,5209.96,1279.17,1028.41,741.19
4/19/2016,183,116,42,12,9,4,95.07,87.16,108.0890476,117.0408333,90.31222222,132.21,17396.99,10111.11,4539.74,1404.49,812.81,528.84
4/20/2016,219,140,45,14,15,5,93.32,86.79,103.6144444,120.2921429,96.902,97.086,20436.55,12150.85,4662.65,1684.09,1453.53,485.43
4/21/2016,219,137,50,8,14,10,100.36,90.21,110.9692,138.875,94.93857143,163.092,21978.04,12358.52,5548.46,1111,1329.14,1630.92
4/22/2016,196,133,39,6,9,9,99.78,90.67,117.0966667,140.4666667,88.73444444,143.13,19555.93,12059.58,4566.77,842.8,798.61,1288.17
4/23/2016,221,142,46,9,12,12,100.61,90.92,120.71,115.7655556,91.04166667,136.5141667,22235.47,12910.25,5552.66,1041.89,1092.5,1638.17
4/24/2016,186,107,43,12,14,10,102.96,93.21,115.5486047,116.0391667,99.22928571,142.584,19149.96,9973.85,4968.59,1392.47,1389.21,1425.84
4/25/2016,185,104,45,10,16,10,103.47,93.59,111.4351111,113.159,108.8725,152.084,19142.46,9733.49,5014.58,1131.59,1741.96,1520.84
4/26/2016,208,128,49,12,11,8,102.02,96.24,108.7612245,114.0958333,110.2690909,123.7175,21220.21,12319.06,5329.3,1369.15,1212.96,989.74
4/27/2016,195,120,45,12,9,9,104.08,98.91,111.4144444,113.3116667,114.5266667,113.4688889,20295.04,11869.69,5013.65,1359.74,1030.74,1021.22
4/28/2016,209,128,52,10,6,13,106.77,98.75,115.7807692,101.074,110.2216667,152.4992308,22314.67,12639.51,6020.6,1010.74,661.33,1982.49
4/29/2016,211,128,55,7,8,13,108.76,96.44,121.1469091,127.5914286,102.24375,171.4669231,22947.45,12344.21,6663.08,893.14,817.95,2229.07
4/30/2016,214,127,54,7,12,14,109.14,97.46,123.8551852,127.8528571,102.0441667,155.0264286,23355.11,12377.06,6688.18,894.97,1224.53,2170.37
5/1/2016,172,97,43,8,10,14,110.48,100.89,121.4867442,128.7275,97.423,142.0978571,19003.31,9785.96,5223.93,1029.82,974.23,1989.37
5/2/2016,209,123,54,8,12,12,105.48,100.24,115.8590741,122.13375,89.96333333,116.9333333,22045.28,12329.06,6256.39,977.07,1079.56,1403.2
5/3/2016,202,122,50,5,13,12,104.92,100.27,116.8298,115.834,90.69307692,113.5166667,21194.44,12232.57,5841.49,579.17,1179.01,1362.2
5/4/2016,202,124,48,9,10,11,103.34,96.05,114.8310417,120.13,91.381,132.5045455,20874.35,11909.93,5511.89,1081.17,913.81,1457.55
5/5/2016,223,130,52,7,16,18,104.90,96.79,113.0590385,113.8628571,99.79625,140.9722222,23392.66,12582.31,5879.07,797.04,1596.74,2537.5
5/6/2016,224,142,47,6,13,16,105.03,96.88,114.1985106,125.565,101.78,145.32125,23526.44,13757.44,5367.33,753.39,1323.14,2325.14
5/7/2016,222,136,53,6,10,17,109.41,100.67,116.8549057,133.3633333,103.889,150.9041176,24289.36,13691.61,6193.31,800.18,1038.89,2565.37
5/8/2016,141,81,35,7,7,11,108.76,97.24,123.5968571,119.54,100.7614286,144.6381818,15335.18,7876.16,4325.89,836.78,705.33,1591.02
5/9/2016,178,113,43,7,5,10,108.12,101.85,120.7988372,109.9471429,97.368,128.477,19244.51,11508.92,5194.35,769.63,486.84,1284.77
5/10/2016,196,134,44,5,7,6,107.92,104.14,119.0245455,108.846,98.25285714,121.27,21152.05,13955.35,5237.08,544.23,687.77,727.62
5/11/2016,209,136,45,9,8,11,110.71,106.11,118.0782222,123.5477778,92.48625,140.1081818,23137.46,14430.93,5313.52,1111.93,739.89,1541.19
5/12/2016,211,135,45,8,11,12,115.09,108.6,123.8848889,147.125,96.41272727,151.01,24284.84,14660.36,5574.82,1177,1060.54,1812.12
5/13/2016,214,132,47,6,14,15,115.64,104.34,134.1387234,145.1916667,101.9585714,158.0433333,24746.71,13772.97,6304.52,871.15,1427.42,2370.65
5/14/2016,218,138,45,6,13,16,111.25,96.43,134.4044444,150.925,109.0746154,160.899375,24252.82,13306.71,6048.2,905.55,1417.97,2574.39
5/15/2016,223,143,46,4,15,15,109.12,93.18,136.3676087,131.25,119.6846667,161.0506667,24334.24,13325.3,6272.91,525,1795.27,2415.76
5/16/2016,212,123,52,10,15,12,112.68,97.66,135.9371154,131.956,107.322,156.4791667,23887.8,12011.93,7068.73,1319.56,1609.83,1877.75
5/17/2016,224,128,54,14,15,13,115.45,105.59,132.3005556,134.7478571,108.4393333,129.8730769,25860.86,13515.22,7144.23,1886.47,1626.59,1688.35
5/18/2016,219,128,54,11,14,12,117.79,106.33,132.3518519,146.9318182,109.7635714,157.1308333,25795.75,13610.24,7147,1616.25,1536.69,1885.57
5/19/2016,220,129,56,10,12,13,115.01,96.14,139.1685714,150.352,95.4575,188.9653846,25301.1,12402.1,7793.44,1503.52,1145.49,2456.55
5/20/2016,211,124,54,9,13,11,108.93,85.36,131.7246296,163.0766667,119.9230769,205.4090909,22983.67,10584.35,7113.13,1467.69,1559,2259.5
5/21/2016,222,140,45,10,16,11,108.38,91.64,131.168,150.217,105.72375,194.1209091,24061.02,12829.38,5902.56,1502.17,1691.58,2135.33
5/22/2016,205,127,45,10,14,9,112.99,98.63,125.9528889,152.305,117.6771429,199.9811111,23163.73,12525.49,5667.88,1523.05,1647.48,1799.83
5/23/2016,188,114,48,11,7,8,117.21,103.81,126.1425,142.6136364,133.64,205.23375,22035.71,11834.77,6054.84,1568.75,935.48,1641.87
5/24/2016,185,122,42,7,8,6,112.93,100.74,125.9947619,149.4142857,128.46,205.9283333,20891.6,12290.67,5291.78,1045.9,1027.68,1235.57
5/25/2016,162,101,43,8,3,7,116.67,103.53,124.6109302,165.9875,113.0666667,202.5385714,18899.83,10456.69,5358.27,1327.9,339.2,1417.77
5/26/2016,209,130,48,11,10,10,119.34,106.97,125.7879167,143.4272727,131.263,210.77,24942.23,13906.38,6037.82,1577.7,1312.63,2107.7
5/27/2016,222,138,47,11,15,11,117.18,105.8,125.5774468,135.6318182,122.0726667,198.9072727,26013.45,14600.29,5902.14,1491.95,1831.09,2187.98
5/28/2016,223,143,48,10,12,10,119.05,107.86,128.4120833,139.795,134.8358333,194.375,26548.07,15424.56,6163.78,1397.95,1618.03,1943.75
5/29/2016,146,93,37,3,7,6,107.65,96.56,122.2508108,140.25,117.4257143,161.75,15716.21,8979.7,4523.28,420.75,821.98,970.5
5/30/2016,177,122,34,5,6,10,106.38,96.49,127.585,124.576,103.4233333,147.54,18828.52,11771.81,4337.89,622.88,620.54,1475.4
5/31/2016,191,128,38,7,7,11,107.99,102.11,126.8331579,123.2042857,95.00714286,109.9127273,20625.85,13069.67,4819.66,862.43,665.05,1209.04
6/1/2016,190,119,43,7,9,12,109.77,102.43,123.3116279,127.2257143,97.83111111,132.83,20856.93,12189.51,5302.4,890.58,880.48,1593.96
6/2/2016,218,139,48,7,10,14,110.38,102.52,126.1872917,129.2257143,94.391,136.1935714,24062.14,14249.95,6056.99,904.58,943.91,1906.71
6/3/2016,219,133,59,5,11,11,115.52,106.56,129.6633898,107.636,106.2754545,160.87,25299.59,14172.67,7650.14,538.18,1169.03,1769.57
6/4/2016,206,128,53,4,12,9,110.44,100.22,126.6788679,131.55,104.3575,158.8922222,22750.27,12827.77,6713.98,526.2,1252.29,1430.03
6/5/2016,155,106,35,2,7,5,103.59,95.18,122.2585714,123.7,113.4971429,129.096,16055.81,10089.4,4279.05,247.4,794.48,645.48
6/6/2016,220,142,53,7,10,8,104.92,99.93,117.0966038,112.5257143,111.666,97.6475,23082.33,14190.69,6206.12,787.68,1116.66,781.18
6/7/2016,215,133,55,7,11,9,108.40,104.29,120.9916364,109.8114286,106.4027273,93.56888889,23306.42,13870.65,6654.54,768.68,1170.43,842.12
6/8/2016,178,118,44,7,6,3,109.54,103.77,123.3268182,111.9542857,114.8883333,117.8066667,19497.8,12244.99,5426.38,783.68,689.33,353.42
6/9/2016,165,105,41,9,2,8,110.76,101.89,128.1592683,115.5311111,36.665,151.175,18275.12,10698.08,5254.53,1039.78,73.33,1209.4
6/10/2016,209,132,54,4,9,10,109.52,101.68,127.6635185,124.275,82.05222222,133.92,22889.96,13421.36,6893.83,497.1,738.47,1339.2
6/11/2016,217,143,49,7,9,9,108.20,101.1,124.0912245,133.8428571,82.05222222,140.6666667,23479.65,14457.81,6080.47,936.9,738.47,1266
6/12/2016,173,115,41,4,6,7,106.10,100.05,120.504878,140.75,86.44333333,118.2457143,18355.74,11505.66,4940.7,563,518.66,827.72
6/13/2016,137,102,23,4,2,6,108.65,101.55,122.09,133.25,103.25,163.1066667,14884.51,10358.3,2808.07,533,206.5,978.64
6/14/2016,153,106,34,4,3,6,106.70,99.28,117.6282353,118.7725,108.6666667,166.8533333,16325.17,10523.6,3999.36,475.09,326,1001.12
6/15/2016,189,123,46,10,2,8,111.35,106,112.2434783,128.969,175.275,150.4075,21045.28,13038.58,5163.2,1289.69,350.55,1203.26
6/16/2016,217,137,55,10,4,11,109.72,104.53,111.1443636,128.969,141.9575,137.96,23808.78,14320.76,6112.94,1289.69,567.83,1517.56
6/17/2016,198,130,49,5,5,9,108.16,97.04,123.8481633,147.46,142.54,142.3833333,21415.27,12615.26,6068.56,737.3,712.7,1281.45
6/18/2016,214,133,55,7,9,10,108.23,97.02,126.6050909,131.2714286,129.3455556,121.231,23161.93,12903.33,6963.28,918.9,1164.11,1212.31
6/19/2016,208,129,50,8,10,11,106.55,96.03,122.6778,124.075,128.593,123.8463636,22162.48,12387.75,6133.89,992.6,1285.93,1362.31
6/20/2016,203,127,49,6,12,9,111.84,104.07,127.6559184,134.4416667,113.7175,117.7422222,22703.29,13217.21,6255.14,806.65,1364.61,1059.68
6/21/2016,206,133,49,6,11,7,108.09,100.49,127.7187755,127.8916667,97.74090909,114.5,22266.9,13364.68,6258.22,767.35,1075.15,801.5
6/22/2016,192,128,44,5,7,8,105.68,97.28,125.175,121.98,96.26428571,131.025,20290.98,12451.33,5507.7,609.9,673.85,1048.2
6/23/2016,146,105,29,2,6,4,100.67,95.92,119.1468966,110.5,91.11666667,100.975,14698.17,10071.31,3455.26,221,546.7,403.9
6/24/2016,222,136,56,8,10,12,96.27,95.91,98.26214286,97.5,85.333,99.45416667,21372.63,13043.17,5502.68,780,853.33,1193.45
6/25/2016,224,139,56,8,9,12,96.49,96.34,97.95535714,97.5,84.81444444,99.45416667,21614.13,13391.85,5485.5,780,763.33,1193.45
6/26/2016,161,113,31,4,7,6,102.91,94.46,124.3222581,140.22,84.53714286,148.1583333,16569.25,10673.67,3853.99,560.88,591.76,888.95
6/27/2016,184,124,38,9,6,7,111.13,100.67,129.1868421,130.7044444,95.87666667,186.3928571,20448.53,12483.08,4909.1,1176.34,575.26,1304.75
6/28/2016,204,131,48,9,6,10,114.51,102.38,135.1970833,135.0822222,88.47333333,171.265,23360.89,13412.2,6489.46,1215.74,530.84,1712.65
6/29/2016,201,119,52,11,7,12,113.61,98.07,135.2876923,132.5936364,89.79857143,170.1708333,22834.99,11670.86,7034.96,1458.53,628.59,2042.05
6/30/2016,209,125,52,10,9,13,116.33,103.39,134.1015385,142.448,92.06888889,166.4446154,24313.32,12923.16,6973.28,1424.48,828.62,2163.78
7/1/2016,210,121,58,8,10,13,119.14,105.65,136.2536207,151.3625,89.743,171.1669231,25019.43,12783.22,7902.71,1210.9,897.43,2225.17
7/2/2016,187,113,48,7,9,10,116.61,105.2,134.1466667,134.4285714,79.37555556,182.524,21806.83,11887.17,6439.04,941,714.38,1825.24
7/3/2016,194,126,42,7,6,13,118.05,105.96,133.4730952,126.5571429,109.91,184.6069231,22901.76,13350.64,5605.87,885.9,659.46,2399.89
7/4/2016,208,136,44,8,6,14,115.95,105.09,128.115,118.875,111.375,183.5485714,24118.26,14292.27,5637.06,951,668.25,2569.68
7/5/2016,215,143,41,9,8,14,115.80,105.81,136.0560976,106.4666667,106.4175,169.9271429,24897.88,15131.06,5578.3,958.2,851.34,2378.98
7/6/2016,223,138,48,8,9,20,119.37,108.41,136.9333333,124.34375,109.1111111,155.509,26620.12,14960.39,6572.8,994.75,982,3110.18
7/7/2016,217,141,46,5,7,18,115.86,104.33,135.1956522,128.606,97.84142857,160.2461111,25142.23,14710.88,6219,643.03,684.89,2884.43
7/8/2016,219,144,45,9,7,14,116.33,105.22,136.1368889,155.9533333,96.82285714,151.1628571,25475.86,15152.08,6126.16,1403.58,677.76,2116.28
7/9/2016,213,140,46,8,7,12,115.99,104.48,134.1219565,164.3225,94.03,161.2608333,24704.97,14627.44,6169.61,1314.58,658.21,1935.13
7/10/2016,217,151,40,6,11,9,110.24,100.5,133.18575,152.4866667,98.64363636,157.6288889,23921.19,15175.1,5327.43,914.92,1085.08,1418.66
7/11/2016,221,140,44,11,12,14,114.66,101.54,134.6504545,145.6427273,100.3108333,171.0264286,25340.87,14216.08,5924.62,1602.07,1203.73,2394.37
7/12/2016,216,127,53,13,12,11,117.29,102.73,136.454717,144.69,103.26,175.8945455,25333.86,13046.83,7232.1,1880.97,1239.12,1934.84
7/13/2016,224,121,66,13,11,13,117.54,101.3,134.6236364,142.3461538,101.6990909,170.6507692,26329.69,12256.88,8885.16,1850.5,1118.69,2218.46
7/14/2016,222,121,66,10,12,13,115.03,100.18,130.5666667,139.223,100.7658333,168.8376923,25536.02,12122.31,8617.4,1392.23,1209.19,2194.89
7/15/2016,222,123,65,9,14,11,115.48,100.06,134.4358462,133.3588889,92.50714286,190.4645455,25636.29,12307.52,8738.33,1200.23,1295.1,2095.11
7/16/2016,222,132,57,7,11,15,113.59,98.98,131.5759649,125.6114286,95.86181818,181.1133333,25216.07,13065.78,7499.83,879.28,1054.48,2716.7
7/17/2016,205,117,51,8,11,18,115.52,98.37,131.2870588,136.52875,100.6972727,182.015,23681.08,11509.27,6695.64,1092.23,1107.67,3276.27
7/18/2016,215,136,45,7,12,15,112.92,98.07,124.9677778,141.1114286,105.6283333,204.1666667,24278.4,13337.03,5623.55,987.78,1267.54,3062.5
7/19/2016,213,126,53,10,10,14,114.99,99.3,125.8560377,140.178,88.814,215.8021429,24493.2,12511.68,6670.37,1401.78,888.14,3021.23
7/20/2016,202,117,49,13,10,13,117.97,102.34,125.9763265,147.5030769,88.222,221.8115385,23830.13,11973.98,6172.84,1917.54,882.22,2883.55
7/21/2016,222,136,46,14,12,14,117.31,106.24,120.3552174,147.8328571,94.60666667,203.8428571,26043.83,14448.75,5536.34,2069.66,1135.28,2853.8
7/22/2016,217,147,40,10,10,10,109.38,101.66,117.729,127.98,84.38,195.855,23734.69,14943.38,4709.16,1279.8,843.8,1958.55
7/23/2016,214,120,60,13,10,11,109.94,98.51,117.75,148.4292308,78.95,174.6127273,23526.09,11821.27,7065,1929.58,789.5,1920.74
7/24/2016,200,107,59,9,14,11,112.99,98.1,129.2561017,163.1311111,72.04214286,181.6045455,22597.27,10496.74,7626.11,1468.18,1008.59,1997.65
7/25/2016,214,114,60,13,12,15,114.32,98.74,126.4466667,158.5638462,78.67916667,174.314,24463.89,11256.9,7586.8,2061.33,944.15,2614.71
7/26/2016,221,135,50,12,10,14,114.11,99.78,128.6586,163.6025,80.799,181.5971429,25217.25,13470.74,6432.93,1963.23,807.99,2542.36
7/27/2016,217,130,48,11,12,16,116.89,104.95,131.9364583,159.0072727,83.23166667,165.066875,25364.95,13643.07,6332.95,1749.08,998.78,2641.07
7/28/2016,212,129,45,9,13,16,114.20,102.04,132.8104444,148.9644444,77.86,169.856875,24210.67,13163.63,5976.47,1340.68,1012.18,2717.71
7/29/2016,199,118,46,9,12,14,112.12,97.81,134.9545652,138.1477778,73.385,174.1342857,22311.29,11541.55,6207.91,1243.33,880.62,2437.88
7/30/2016,216,136,49,9,12,10,111.42,99.86,134.7426531,144.4922222,76.01583333,166.967,24066.02,13581.34,6602.39,1300.43,912.19,1669.67
7/31/2016,211,146,37,9,11,8,111.27,102.45,135.5172973,146.7422222,84.71090909,156.73125,23478.31,14957.82,5014.14,1320.68,931.82,1253.85
8/1/2016,192,119,46,7,10,10,117.25,103.17,136.7230435,171.8471429,84.698,189.663,22512.48,12276.68,6289.26,1202.93,846.98,1896.63
8/2/2016,218,140,47,8,11,12,118.59,106,138.973617,175.99125,83.06454545,179.965,25853.52,14840.54,6531.76,1407.93,913.71,2159.58
8/3/2016,219,132,44,10,14,19,120.86,108.07,128.7645455,164.692,107.62,178.0973684,26468.08,14264.99,5665.64,1646.92,1506.68,3383.85
8/4/2016,224,134,43,9,16,22,126.70,112.85,129.5839535,165.46,113.7925,198.9281818,28379.94,15121.59,5572.11,1489.14,1820.68,4376.42
8/5/2016,221,124,53,8,14,22,126.89,111.78,131.9932075,167.805,106.8514286,197.6440909,28042.34,13860.17,6995.64,1342.44,1495.92,4348.17
8/6/2016,224,131,54,6,11,22,127.02,114.09,134.4744444,173.2916667,97.54727273,187.7586364,28451.5,14946.42,7261.62,1039.75,1073.02,4130.69
8/7/2016,218,133,48,5,11,21,122.18,113.06,128.94,187.17,93.94545455,163.8533333,26636.27,15036.98,6189.12,935.85,1033.4,3440.92
8/8/2016,220,129,55,7,11,18,124.79,113.57,139.8569091,151.3657143,99.47727273,164.2594444,27453.48,14650.87,7692.13,1059.56,1094.25,2956.67
8/9/2016,223,128,58,6,13,18,122.94,109.54,136.6518966,148.6133333,99.83846154,182.2133333,27415.94,14020.71,7925.81,891.68,1297.9,3279.84
8/10/2016,223,129,55,6,15,18,125.55,110.04,139.0125455,165.5483333,105.4546667,198.9794444,27997.6,14195.17,7645.69,993.29,1581.82,3581.63
8/11/2016,224,132,46,11,15,20,123.43,109.69,132.983913,150.3845455,105.132,191.0885,27648.89,14478.65,6117.26,1654.23,1576.98,3821.77
8/12/2016,225,125,53,11,16,20,124.77,111.35,134.4071698,136.9154545,97.365625,198.341,28073.07,13918.75,7123.58,1506.07,1557.85,3966.82
8/13/2016,226,133,48,10,15,20,129.81,116.03,134.7952083,174.342,117.8973333,196.1455,29337.44,15432.48,6470.17,1743.42,1768.46,3922.91
8/14/2016,225,136,42,12,14,21,131.39,117.47,137.8366667,176.8558333,119.8214286,190.4242857,29563.36,15975.54,5789.14,2122.27,1677.5,3998.91
8/15/2016,212,133,38,10,11,20,129.93,115.26,147.0797368,163.828,117.2318182,184.9255,27544.94,15329.57,5589.03,1638.28,1289.55,3698.51
8/16/2016,224,138,43,11,15,17,130.40,119.28,147.2527907,162.7618182,115.63,170.0976471,29209.06,16460.7,6331.87,1790.38,1734.45,2891.66
8/17/2016,225,145,40,9,13,18,128.34,118.25,140.333,177.3333333,112.5723077,169.9061111,28876.83,17145.76,5613.32,1596,1463.44,3058.31
8/18/2016,223,138,38,8,16,23,125.79,113.26,137.0678947,170.525,117.969375,172.2395652,28052.21,15630.41,5208.58,1364.2,1887.51,3961.51
8/19/2016,226,148,38,7,16,17,123.35,112.16,132.8055263,167.7428571,120.835,183.6841176,27876.96,16600.16,5046.61,1174.2,1933.36,3122.63
8/20/2016,214,124,49,12,12,17,129.17,114.49,137.2204082,159.2458333,118.9141667,199.1417647,27643.33,14196.2,6723.8,1910.95,1426.97,3385.41
8/21/2016,220,127,52,9,12,20,122.45,107,133.5894231,142.8388889,120.21,183.7805,26938.71,13588.38,6946.65,1285.55,1442.52,3675.61
8/22/2016,225,135,51,11,11,17,119.04,102.23,138.3409804,139.9636364,118.6090909,181.3094118,26783.2,13801.25,7055.39,1539.6,1304.7,3082.26
8/23/2016,223,133,51,10,9,20,119.08,101.66,135.4080392,138.689,126.5655556,180.1035,26554.13,13520.27,6905.81,1386.89,1139.09,3602.07
8/24/2016,209,116,57,9,12,15,118.33,100.43,137.9987719,149.2633333,100.6991667,177.568,24730.65,11649.44,7865.93,1343.37,1208.39,2663.52
8/25/2016,223,140,48,13,10,12,112.93,97.15,131.9152083,153.2823077,104.351,184.495,25183.6,13601.55,6331.93,1992.67,1043.51,2213.94
8/26/2016,224,141,49,11,10,13,114.41,99.26,135.6816327,157.4381818,96.349,176.0553846,25627.92,13995.49,6648.4,1731.82,963.49,2288.72
8/27/2016,221,147,47,9,8,10,112.28,99.24,136.5353191,150.5388889,95.195,169.351,24814.73,14587.65,6417.16,1354.85,761.56,1693.51
8/28/2016,222,137,51,8,10,16,114.02,100.44,132.6276471,168.12875,92.31,157.505625,25312.83,13760.6,6764.01,1345.03,923.1,2520.09
8/29/2016,221,139,47,6,11,18,112.71,101.53,129.8129787,147.2166667,94.23454545,154.1172222,24908.17,14112.97,6101.21,883.3,1036.58,2774.11
8/30/2016,205,126,42,7,11,19,113.89,103.17,123.337619,163.3442857,87.27363636,161.2552632,23347.37,12999.92,5180.18,1143.41,960.01,3063.85
8/31/2016,210,127,48,5,12,18,115.87,106.35,126.413125,156.252,94.9425,157.7005556,24333.57,13506.56,6067.83,781.26,1139.31,2838.61
9/1/2016,225,136,51,9,12,17,116.64,108,124.247451,144.27,101.6741667,158.9558824,26244.85,14687.46,6336.62,1298.43,1220.09,2702.25
9/2/2016,219,146,40,8,10,15,117.73,108.52,124.998,133.6625,111.89,183.4493333,25783.22,15843.36,4999.92,1069.3,1118.9,2751.74
9/3/2016,217,143,43,9,7,15,114.65,106.94,121.6018605,134.8488889,111.1357143,157.7126667,24877.98,15291.82,5228.88,1213.64,777.95,2365.69
9/4/2016,209,135,45,9,7,13,114.13,106.81,123.2002222,136.1877778,118.3942857,141.13,23852.61,14419.46,5544.01,1225.69,828.76,1834.69
9/5/2016,214,131,49,9,12,13,116.06,109.02,123.7393878,125.1933333,125.4375,143.0530769,24836.54,14281.63,6063.23,1126.74,1505.25,1859.69
9/6/2016,226,133,53,14,14,12,117.74,110.63,125.6283019,124.3385714,118.7621429,152.8491667,26609.33,14713.43,6658.3,1740.74,1662.67,1834.19
9/7/2016,225,135,49,12,17,12,116.72,109.29,131.9144898,121.0241667,101.6011765,155.4033333,26262.2,14754.04,6463.81,1452.29,1727.22,1864.84
9/8/2016,226,145,47,11,11,12,121.73,114.17,130.1887234,133.6890909,116.9945455,173.3633333,27510.75,16554,6118.87,1470.58,1286.94,2080.36
9/9/2016,219,149,44,10,6,10,122.38,115.74,132.0938636,141.43,118.22,161.889,26800.17,17245.53,5812.13,1414.3,709.32,1618.89
9/10/2016,220,151,44,7,10,8,121.15,114.01,131.7111364,157.3257143,120.142,167.275,26652,17215.81,5795.29,1101.28,1201.42,1338.2
9/11/2016,211,134,52,9,7,9,119.66,110.02,131.7832692,160.5055556,127.7685714,145.8722222,25247.61,14743.1,6852.73,1444.55,894.38,1312.85
9/12/2016,204,137,42,9,7,9,121.16,110.98,129.9721429,163.55,104.14,205.9333333,24717.05,15203.89,5458.83,1471.95,728.98,1853.4
9/13/2016,225,142,49,11,10,13,127.34,116.9,137.4846939,143.1409091,103.228,208.3084615,28651.58,16599.99,6736.75,1574.55,1032.28,2708.01
9/14/2016,225,151,41,10,11,12,126.50,118.47,131.7858537,133.947,116.9618182,211.9108333,28461.5,17889.3,5403.22,1339.47,1286.58,2542.93
9/15/2016,221,137,49,7,14,14,133.44,124.48,136.9940816,158.3285714,130.6842857,198.9114286,29489.19,17053.84,6712.71,1108.3,1829.58,2784.76
9/16/2016,224,138,54,9,11,12,126.34,116.42,136.2675926,141.4144444,108.5663636,200.7458333,28300.81,16066.45,7358.45,1272.73,1194.23,2408.95
9/17/2016,222,135,52,10,10,15,126.22,113.24,136.3165385,137.82,118.94,205.0546667,28019.73,15287.85,7088.46,1378.2,1189.4,3075.82
9/18/2016,200,129,41,5,9,16,122.35,113.36,133.22,121.054,109.1811111,174.8075,24469.82,14622.98,5462.02,605.27,982.63,2796.92
9/19/2016,224,134,50,10,12,18,129.06,120.23,135.6252,133.461,124.0933333,177.4866667,28910.05,16110.3,6781.26,1334.61,1489.12,3194.76
9/20/2016,216,128,51,10,12,15,126.28,118.36,132.7507843,149.149,102.515,175.7026667,27277.23,15149.73,6770.29,1491.49,1230.18,2635.54
9/21/2016,224,133,57,7,13,14,119.47,109.79,131.6098246,157.2128571,104.0523077,157.4171429,26761.15,14602.38,7501.76,1100.49,1352.68,2203.84
9/22/2016,226,125,64,11,13,13,125.47,110.42,145.17875,171.3027273,116.8161538,143.0830769,28357.08,13802.62,9291.44,1884.33,1518.61,1860.08
9/23/2016,226,141,54,9,11,11,114.58,104.36,138.5553704,136.0711111,88.94818182,135.8827273,25894.43,14714.66,7481.99,1224.64,978.43,1494.71
9/24/2016,223,134,56,9,12,12,118.93,107.92,138.6601786,133.4288889,74.86916667,183.0208333,26521.84,14461.33,7764.97,1200.86,898.43,2196.25
9/25/2016,180,107,43,9,10,11,123.09,115.62,133.4606977,143.5833333,109.38,150.9363636,22156.54,12371.38,5738.81,1292.25,1093.8,1660.3
9/26/2016,207,128,46,10,11,12,119.86,111.96,126.6271739,165.782,115.0272727,144.4108333,24812.03,14331.13,5824.85,1657.82,1265.3,1732.93
9/27/2016,220,128,59,10,10,13,122.04,112.79,132.580678,139.827,117.599,155.0492308,26848.96,14436.8,7822.26,1398.27,1175.99,2015.64
9/28/2016,225,134,53,12,9,17,115.22,106.07,125.0960377,134.75,95.77777778,153.1182353,25925.55,14213.45,6630.09,1617,862,2603.01
9/29/2016,192,122,41,13,6,10,116.43,109.32,133.2807317,129,87.83333333,134.946,22355.11,13337.14,5464.51,1677,527,1349.46
9/30/2016,220,142,56,9,8,5,111.01,100.94,126.2292857,155.8644444,95.125,171.094,24421.62,14333.53,7068.84,1402.78,761,855.47
10/1/2016,211,139,54,5,10,3,110.60,102.5,124.9277778,160.876,90.9,210.0366667,23337.51,14247.92,6746.1,804.38,909,630.11
10/2/2016,193,117,50,7,9,10,114.50,105.76,116.7836,143.1428571,106.9822222,191.94,22097.73,12374.31,5839.18,1002,962.84,1919.4
10/3/2016,220,130,53,9,12,16,118.41,108.84,122.1186792,137.7777778,111.7775,177.928125,26049.29,14148.82,6472.29,1240,1341.33,2846.85
10/4/2016,213,133,50,8,10,12,118.14,109.49,125.4364,151.16,109.972,168.5116667,25164.57,14561.61,6271.82,1209.28,1099.72,2022.14
10/5/2016,205,126,51,5,11,12,122.88,114.66,134.7268627,151.136,115.3790909,153.9216667,25190.4,14447.42,6871.07,755.68,1269.17,1847.06
10/6/2016,224,131,64,7,10,12,118.60,108.77,132.8570313,123.2571429,110.572,153.9216667,26566.73,14248.3,8502.85,862.8,1105.72,1847.06
10/7/2016,213,126,56,6,11,14,119.07,101.69,143.4339286,162.49,119.0090909,159.4592857,25361.17,12812.4,8032.3,974.94,1309.1,2232.43
10/8/2016,215,132,50,6,11,16,119.76,103.91,144.7092,158.7066667,126.6772727,153.17,25748.17,13716.3,7235.46,952.24,1393.45,2450.72
10/9/2016,216,133,54,3,9,17,117.35,103.91,141.5611111,135.7666667,128.2611111,136.5958824,25348.15,13820.07,7644.3,407.3,1154.35,2322.13
10/10/2016,209,137,42,4,12,14,116.55,111.99,131.982619,91.775,121.76,117.5121429,24358.8,15342.14,5543.27,367.1,1461.12,1645.17
10/11/2016,207,142,40,4,11,10,117.62,112.68,130.84,123.7,119.4,130.47,24347.26,16000.76,5233.6,494.8,1313.4,1304.7
10/12/2016,208,146,38,8,11,5,111.06,106.43,125.5452632,112.54125,121.1272727,111.426,23099.69,15539.11,4770.72,900.33,1332.4,557.13
10/13/2016,212,133,53,8,11,7,111.22,99.06,131.8788679,143.72625,123.7618182,128.8285714,23577.78,13175.21,6989.58,1149.81,1361.38,901.8
10/14/2016,223,147,45,9,9,13,109.05,97.66,128.3986667,155.4344444,95.16111111,148.3415385,24317.04,14355.3,5777.94,1398.91,856.45,1928.44
10/15/2016,222,153,41,6,10,12,109.69,100.2,128.0807317,159.51,101.989,149.3883333,24351.17,15330.25,5251.31,957.06,1019.89,1792.66
10/16/2016,170,98,45,4,11,12,110.86,97.08,131.0215556,162.3125,89.12181818,150.52,18845.94,9514.14,5895.97,649.25,980.34,1806.24
10/17/2016,207,134,50,0,13,10,111.43,102.09,133.4852,0,88.99153846,155.593,23066.7,13679.62,6674.26,0,1156.89,1555.93
10/18/2016,211,134,52,2,11,12,111.28,100.93,129.2696154,139.24,90.01181818,163.63,23479.32,13525.13,6722.02,278.48,990.13,1963.56
10/19/2016,205,134,51,3,5,12,113.13,102.99,126.202549,128.4933333,93.798,175.1133333,23192.51,13800.35,6436.33,385.48,468.99,2101.36
10/20/2016,204,125,54,4,7,14,116.14,104.39,127.0092593,141.12,107.3485714,176.3292857,23691.83,13048.8,6858.5,564.48,751.44,2468.61
10/21/2016,193,126,47,4,6,10,115.64,107.95,122.2880851,114.72,108.5983333,185.896,22318.99,13602.02,5747.54,458.88,651.59,1858.96
10/22/2016,189,123,49,4,3,10,111.12,104,121.3083673,99.97,100.7166667,156.443,21002.32,12791.75,5944.11,399.88,302.15,1564.43
10/23/2016,217,141,52,8,4,12,107.67,99.5,117.4148077,111.0375,110.1175,158.3375,23364.25,14029.86,6105.57,888.3,440.47,1900.05
10/24/2016,225,157,39,10,7,12,104.72,100.52,113.4474359,113.342,92.37142857,131.315,23561.89,15781.64,4424.45,1133.42,646.6,1575.78
10/25/2016,217,132,48,11,12,14,103.33,96.98,108.2527083,114.4563636,98.38083333,141.8071429,22421.86,12800.84,5196.13,1259.02,1180.57,1985.3
10/26/2016,224,139,48,9,14,14,103.74,97.62,109.0010417,111.4677778,97.905,147.3978571,23238.45,13568.95,5232.05,1003.21,1370.67,2063.57
10/27/2016,217,139,45,9,13,11,104.33,97.47,112.6893333,114.2955556,99.44692308,154.45,22639.29,13547.85,5071.02,1028.66,1292.81,1698.95
10/28/2016,214,136,52,6,8,12,109.83,102.13,111.5780769,131.7816667,130.06125,165.0225,23503.01,13889.5,5802.06,790.69,1040.49,1980.27
10/29/2016,214,133,50,9,11,11,109.92,101.72,111.4782,135.0666667,116.6072727,174.6881818,23522.45,13528.69,5573.91,1215.6,1282.68,1921.57
10/30/2016,218,134,50,10,11,13,106.95,99.09,105.4808,128.897,121.78,164.0823077,23314.13,13278.47,5274.04,1288.97,1339.58,2133.07
10/31/2016,220,143,49,9,7,12,104.13,99.12,104.2008163,121.48,106.9771429,148.9675,22909.49,14173.88,5105.84,1093.32,748.84,1787.61
11/1/2016,190,134,38,6,5,7,97.77,93.6,102.3084211,123.44,82.572,141.8385714,18576.18,12542.09,3887.72,740.64,412.86,992.87
11/2/2016,210,144,52,6,3,5,96.84,91.47,107.0359615,111.3666667,83.11333333,136.244,20336.73,13172.1,5565.87,668.2,249.34,681.22
11/3/2016,200,136,56,4,1,3,97.96,93.56,108.2248214,79.045,83.5,136,19592.96,12724.69,6060.59,316.18,83.5,408
11/4/2016,195,136,52,2,2,3,97.94,93.01,108.3661538,74.49,128.25,136,19097.39,12648.87,5635.04,148.98,256.5,408
11/5/2016,185,127,51,2,2,3,106.74,103.66,113.1219608,74.49,128.25,135.5766667,19746.24,13164.81,5769.22,148.98,256.5,406.73
11/6/2016,148,99,39,2,3,5,123.11,118.67,124.0076923,102,147.5,197.986,18220.8,11748.07,4836.3,204,442.5,989.93
11/7/2016,186,126,46,4,2,8,144.31,145.14,133.5206522,93.5,187.25,207.83375,26840.97,18287.85,6141.95,374,374.5,1662.67
11/8/2016,198,134,51,2,2,9,144.43,144.12,130.9152941,187,187.25,206.5933333,28597.1,19312.58,6676.68,374,374.5,1859.34
11/9/2016,189,130,45,2,2,10,142.84,142.19,126.5824444,187,187.25,206.724,26996.22,18484.27,5696.21,374,374.5,2067.24
11/10/2016,166,118,37,1,2,8,121.59,120.84,105.4864865,170,187.25,184.78125,20184.59,14258.84,3903,170,374.5,1478.25
11/11/2016,199,143,47,1,1,7,101.68,95.65,110.1204255,147.71,97.2,162.33,20234.45,13677.57,5175.66,147.71,97.2,1136.31
11/12/2016,203,145,49,1,1,7,97.08,92.25,102.0473469,75,97.2,165.5585714,19708.1,13376.67,5000.32,75,97.2,1158.91
11/13/2016,193,136,48,3,2,4,89.25,84.29,102.6708333,86.14333333,60.29,113.69,17225.61,11463.64,4928.2,258.43,120.58,454.76
11/14/2016,201,141,52,3,2,3,88.36,86.02,92.65884615,86.14333333,60.29,144.4166667,17759.58,12129.06,4818.26,258.43,120.58,433.25
11/15/2016,177,126,43,3,2,3,89.26,86.26,94.73372093,101.1433333,60.29,144.4166667,15799.85,10869.04,4073.55,303.43,120.58,433.25
11/16/2016,199,140,53,3,0,3,90.31,87.43,93.66471698,91.4,0,164.35,17971.79,12240.31,4964.23,274.2,0,493.05
11/17/2016,185,129,50,1,1,4,88.55,87.14,89.8048,79.2,109.1,115.33,16381.42,11241.56,4490.24,79.2,109.1,461.32
11/18/2016,199,136,53,3,2,5,89.21,86.8,89.60433962,89.77333333,100.35,145.81,17752.89,11804.79,4749.03,269.32,200.7,729.05
11/19/2016,199,130,58,3,2,6,88.04,85.61,86.52465517,116.9066667,100.35,136.9533333,17520.74,11129.17,5018.43,350.72,200.7,821.72
11/20/2016,154,101,45,2,0,6,88.95,85.33,88.77244444,135.76,0,135.5033333,13697.81,8618.51,3994.76,271.52,0,813.02
11/21/2016,207,141,55,7,1,3,83.46,82.12,83.87490909,112.3314286,75,74.3,17276.77,11579.43,4613.12,786.32,75,222.9
11/22/2016,202,143,50,4,1,4,81.67,79.76,84.2758,99.95,75,100.975,16497.47,11404.98,4213.79,399.8,75,403.9
11/23/2016,158,112,39,1,1,5,83.39,81.04,85.83461538,100,104,109.44,13175.63,9076.88,3347.55,100,104,547.2
11/24/2016,130,86,35,1,1,7,87.60,80,94.02371429,100,104,144.6385714,11387.49,6880.19,3290.83,100,104,1012.47
11/25/2016,182,114,52,3,2,11,86.97,81.46,89.16115385,117.9933333,79.88,126.6063636,15829.1,9286.31,4636.38,353.98,159.76,1392.67
11/26/2016,162,107,45,1,2,7,87.59,82.04,88.51533333,125,113,153.8671429,14189.42,8778.16,3983.19,125,226,1077.07
11/27/2016,112,70,33,3,1,5,85.39,78.69,85.96515152,126.2,63.2,155.298,9563.14,5508,2836.85,378.6,63.2,776.49
11/28/2016,132,89,37,1,1,4,83.52,79,84.62216216,131.5,63.2,166.955,11024.2,7030.66,3131.02,131.5,63.2,667.82
11/29/2016,126,90,30,0,2,4,80.37,78.76,79.259,0,87.605,121.4375,10126.74,7088.01,2377.77,0,175.21,485.75
11/30/2016,104,73,24,0,3,4,84.93,80.72,85.61458333,0,109.7366667,139.25,8833.21,5892.25,2054.75,0,329.21,557
12/1/2016,108,71,27,0,4,6,86.94,81.25,92.40037037,0,102.1025,119.5883333,9389.69,5768.94,2494.81,0,408.41,717.53
12/2/2016,134,78,45,4,2,5,89.26,80.92,94.24888889,138.6575,95.605,132.456,11961.18,6311.86,4241.2,554.63,191.21,662.28
12/3/2016,175,106,54,4,3,8,91.17,83.19,96.91259259,138.6575,90.13666667,134.895,15955.58,8818.1,5233.28,554.63,270.41,1079.16
12/4/2016,142,95,35,2,1,9,91.21,84.27,97.04885714,148.015,93.6,128.8844444,12952.21,8005.91,3396.71,296.03,93.6,1159.96
12/5/2016,168,109,44,2,2,11,90.68,82.57,96.49772727,157.165,93.6,135.2363636,15234.63,8999.6,4245.9,314.33,187.2,1487.6
12/6/2016,127,78,36,1,2,10,89.66,79.98,97.45666667,109,93.6,134.437,11387.37,6238.36,3508.44,109,187.2,1344.37
12/7/2016,133,86,34,2,1,10,88.60,81.49,96.43352941,93.9,91.6,121.762,11784.11,7008.35,3278.74,187.8,91.6,1217.62
12/8/2016,174,106,51,4,2,11,91.03,82.01,98.04666667,128.4675,82.925,133.2727273,15839.44,8693.34,5000.38,513.87,165.85,1466
12/9/2016,186,119,48,7,4,8,91.05,81.96,101.270625,122.9171429,66.6125,149.2225,16934.85,9753.21,4860.99,860.42,266.45,1193.78
12/10/2016,185,119,49,7,1,9,90.04,82.03,100.9477551,127.66,0,117.3755556,16658.07,9761.63,4946.44,893.62,0,1056.38
12/11/2016,90,65,21,3,0,1,89.24,83.78,103.7557143,113.1666667,0,68,8032.04,5445.67,2178.87,339.5,0,68
12/12/2016,63,39,20,2,0,2,88.42,81.7,100.3905,104,0,84.39,5570.73,3186.14,2007.81,208,0,168.78
12/13/2016,69,49,15,2,0,3,85.12,80.01,103.6546667,75.68,0,82.26,5873.35,3920.39,1554.82,151.36,0,246.78
12/14/2016,72,54,14,0,1,3,83.00,76.65,103.9285714,0,78,101.3,5976.22,4139.32,1455,0,78,303.9
12/15/2016,67,49,14,0,0,4,79.62,73.09,103.4885714,0,0,75.975,5334.31,3581.57,1448.84,0,0,303.9
12/16/2016,88,64,18,2,0,4,85.27,76.84,101.2877778,122.625,0,129.5625,7504.17,4917.49,1823.18,245.25,0,518.25
12/17/2016,85,63,16,2,0,4,87.30,78.9,105.365625,122.625,0,129.5625,7420.24,4970.89,1685.85,245.25,0,518.25
12/18/2016,84,66,14,2,1,1,86.16,82.04,87.18928571,123.375,155.72,200,7237.69,5414.57,1220.65,246.75,155.72,200
12/19/2016,99,72,21,1,2,3,89.26,84.3,89.02428571,128.5,116.79,178.4866667,8836.43,6069.38,1869.51,128.5,233.58,535.46
12/20/2016,97,65,25,1,2,4,92.94,86.91,97.506,91.12,116.79,150.9725,9015.24,5649,2437.65,91.12,233.58,603.89
12/21/2016,99,66,26,3,0,4,95.21,84.38,110.0326923,115.8733333,0,162.1125,9425.96,5569.04,2860.85,347.62,0,648.45
12/22/2016,100,59,31,2,0,8,100.00,84.73,111.4877419,118.81,0,163.34375,9999.57,4999.08,3456.12,237.62,0,1306.75
12/23/2016,110,62,30,5,2,11,100.36,85.79,115.2943333,114.968,77.86,139.2227273,11040.03,5319.19,3458.83,574.84,155.72,1531.45
12/24/2016,128,67,41,6,2,12,104.40,87.1,118.8719512,119.4733333,77.86,148.4383333,13363.02,5835.45,4873.75,716.84,155.72,1781.26
12/25/2016,140,77,44,6,2,11,102.23,87.46,116.7538636,119.4733333,77.86,142.5672727,14312.22,6734.25,5137.17,716.84,155.72,1568.24
12/26/2016,148,78,45,7,3,15,101.14,88.01,109.7033333,113.0557143,84.24,141.5586667,14968.89,6864.75,4936.65,791.39,252.72,2123.38
12/27/2016,224,149,50,8,1,16,98.39,86.46,116.8678,114.79875,97,143.683125,22040.2,12882.49,5843.39,918.39,97,2298.93
12/28/2016,203,129,48,6,2,18,109.65,98.55,116.8833333,126.2866667,74,168.3188889,22258.22,12712.36,5610.4,757.72,148,3029.74
12/29/2016,214,144,46,5,2,17,107.61,96.48,125.1647826,103.544,92.165,157.4158824,23028.56,13892.86,5757.58,517.72,184.33,2676.07
12/30/2016,222,145,57,6,1,13,113.06,96.41,134.6750877,169.2016667,87.33,180.1092308,25100.13,13979.69,7676.48,1015.21,87.33,2341.42
12/31/2016,219,151,53,5,1,9,111.20,96.12,134.7845283,188.976,87.33,184.8177778,24352.64,14513.49,7143.58,944.88,87.33,1663.36
1/1/2017,220,154,49,7,1,9,100.30,86.85,122.4734694,188.0357143,87.33,143.0377778,22066.77,13374.65,6001.2,1316.25,87.33,1287.34
1/2/2017,184,126,38,6,1,13,98.15,82.83,125.2752632,163.3716667,103.57,136.8946154,18059.97,10436.08,4760.46,980.23,103.57,1779.63
1/3/2017,175,114,45,4,1,11,100.37,86.87,119.6395556,158.865,103.57,139.9090909,17564.79,9902.98,5383.78,635.46,103.57,1539
1/4/2017,170,109,46,3,1,11,100.34,86.94,119.8282609,157.51,103.57,135.6818182,17057.68,9476.98,5512.1,472.53,103.57,1492.5
1/5/2017,151,104,31,4,1,11,99.19,88.07,118.4703226,125.63,103.57,139.9454545,14977.71,9159.64,3672.58,502.52,103.57,1539.4
1/6/2017,125,88,25,2,0,10,96.54,85.87,107.9696,120.38,0,157.109,12067.3,7556.21,2699.24,240.76,0,1571.09
1/7/2017,122,89,23,3,0,7,92.68,85.7,95.33695652,128.35,0,157.3414286,11306.47,7627.28,2192.75,385.05,0,1101.39
1/8/2017,111,73,29,5,0,4,87.52,81.46,86.56103448,127.43,0,155.0725,9714.56,5946.85,2510.27,637.15,0,620.29
1/9/2017,113,77,27,5,0,4,83.55,78.39,79.49888889,127.816,0,155.0725,9441.61,6035.77,2146.47,639.08,0,620.29
1/10/2017,139,94,33,8,0,4,83.13,78.41,76.66757576,104.02375,0,205.5,11554.55,7370.33,2530.03,832.19,0,822
1/11/2017,122,88,26,7,0,1,84.47,80.52,87.45038462,109.5985714,0,179,10305.63,7085.73,2273.71,767.19,0,179
1/12/2017,115,83,24,5,0,3,87.90,81.66,100.9466667,111.318,0,117.23,10108.79,6777.79,2422.72,556.59,0,351.69
1/13/2017,123,89,24,4,1,5,85.26,80.1,98.17333333,97.1475,86.86,105.138,10486.43,7129.13,2356.16,388.59,86.86,525.69
1/14/2017,107,72,21,4,2,8,92.71,83.92,105.7652381,108,82.36,132.51125,9920.17,6042.29,2221.07,432,164.72,1060.09
1/15/2017,90,57,20,3,2,8,90.73,81.8,102.324,50.66666667,82.36,142.4675,8165.76,4662.82,2046.48,152,164.72,1139.74
1/16/2017,108,73,21,4,2,8,88.33,80.15,100.752381,67.175,82.36,142.4675,9540.04,5851.08,2115.8,268.7,164.72,1139.74
1/17/2017,104,72,21,2,0,9,89.33,80.58,99.02047619,76,0,139.7722222,9290.82,5801.44,2079.43,152,0,1257.95
1/18/2017,194,140,36,3,2,13,86.45,78.62,96.18194444,112.3333333,75,139.6238462,16771.24,11006.58,3462.55,337,150,1815.11
1/19/2017,162,119,33,1,0,9,87.87,79.02,103.5806061,201,0,134.5666667,14234.18,9403.92,3418.16,201,0,1211.1
1/20/2017,167,123,32,4,1,7,87.65,78.2,105.523125,141.2875,42.5,147.7285714,14637.06,9618.57,3376.74,565.15,42.5,1034.1
1/21/2017,146,101,32,5,1,7,91.62,82.68,108.5146875,139.21,42.5,116.4142857,13377.03,8351.11,3472.47,696.05,42.5,814.9
1/22/2017,138,96,29,6,2,5,87.03,80.05,100.2437931,128.1033333,24.25,120.248,12010.16,7684.73,2907.07,768.62,48.5,601.24
1/23/2017,122,97,15,6,2,2,82.23,80.25,94.32666667,108.9516667,24.25,65.405,10031.69,7783.77,1414.9,653.71,48.5,130.81
1/24/2017,122,100,14,6,0,2,83.02,80.07,95.85785714,108.1016667,0,65.405,10128.13,8006.7,1342.01,648.61,0,130.81
1/25/2017,133,105,14,8,1,5,86.50,82.39,94.59428571,115.56375,93,102.352,11504.94,8651.35,1324.32,924.51,93,511.76
1/26/2017,131,101,16,9,1,4,85.20,82.45,89.35875,102.7233333,93,96.69,11161.7,8327.69,1429.74,924.51,93,386.76
1/27/2017,122,94,18,7,2,1,85.64,83.28,88.53611111,114.9,93,35.81,10448.18,7828.42,1593.65,804.3,186,35.81
1/28/2017,123,99,18,4,0,2,83.55,80.25,93.96055556,113.02,0,94.135,10276.23,7944.59,1691.29,452.08,0,188.27
1/29/2017,88,64,19,1,0,4,87.87,84.17,90.39894737,125.8,0,125.61,7732.86,5387.04,1717.58,125.8,0,502.44
1/30/2017,87,66,14,2,0,5,89.88,84.76,87.28642857,154.4,0,139.048,7819.97,5593.92,1222.01,308.8,0,695.24
1/31/2017,96,78,12,2,0,4,87.90,84.13,86.85416667,154.4,0,131.2275,8438.29,6562.33,1042.25,308.8,0,524.91
2/1/2017,96,73,16,3,0,4,92.62,88.1,93.233125,147.8666667,0,131.2275,8891.79,6431.55,1491.73,443.6,0,524.91
2/2/2017,120,81,30,5,0,4,91.12,89.39,89.16666667,129.82,0,92.3525,10933.98,7240.47,2675,649.1,0,369.41
2/3/2017,133,88,38,3,0,4,89.46,88.73,87.42894737,132.7666667,0,92.3525,11898.52,7808.51,3322.3,398.3,0,369.41
2/4/2017,143,109,24,5,0,5,89.90,85.25,89.81791667,129.5,0,152.028,12855.45,9292.18,2155.63,647.5,0,760.14
2/5/2017,133,99,27,4,0,3,87.44,82.57,93.13407407,120.1,0,153.47,11630.12,8174.69,2514.62,480.4,0,460.41
2/6/2017,123,93,22,4,2,2,84.52,82.7,86.22590909,120.1,74.8,89.305,10396.33,7690.75,1896.97,480.4,149.6,178.61
2/7/2017,139,100,29,5,2,3,86.64,81.45,95.19724138,117.4,74.8,133.87,12043.61,8144.68,2760.72,587,149.6,401.61
2/8/2017,137,97,28,7,2,3,89.65,82.26,99.33535714,138.5642857,74.8,133.87,12281.43,7978.88,2781.39,969.95,149.6,401.61
2/9/2017,159,110,35,7,2,5,90.03,82.97,96.08771429,129.5642857,74.8,153.582,14314,9126.47,3363.07,906.95,149.6,767.91
2/10/2017,176,127,37,6,0,6,91.69,83.85,97.04837838,140.325,0,176.1433333,16138.29,10648.69,3590.79,841.95,0,1056.86
2/11/2017,174,127,35,6,0,6,93.82,85.24,101.2442857,141.7583333,0,184.31,16324.82,10824.86,3543.55,850.55,0,1105.86
2/12/2017,174,118,43,3,0,10,95.05,86.69,102.8246512,118.24,0,153.246,16538.19,10229.55,4421.46,354.72,0,1532.46
2/13/2017,206,135,56,4,0,11,95.62,87.33,103.1226786,114.48,0,152.3627273,19698.27,11789.49,5774.87,457.92,0,1675.99
2/14/2017,214,144,52,7,0,11,95.68,88.53,103.2151923,110.5314286,0,144.1809091,20474.82,12747.92,5367.19,773.72,0,1585.99
2/15/2017,222,157,45,8,2,10,90.85,83.04,101.8913333,111.165,39,157.925,20168.37,13036.69,4585.11,889.32,78,1579.25
2/16/2017,209,147,42,6,2,12,91.37,82.49,99.16380952,117.3533333,39,168.7375,19097.36,12125.51,4164.88,704.12,78,2024.85
2/17/2017,201,132,51,7,2,9,92.07,84.23,97.70333333,126.4728571,39,160.1011111,18505.53,11118.44,4982.87,885.31,78,1440.91
2/18/2017,199,131,50,4,2,12,92.04,84.73,96.4168,130.9775,39,149.535,18316.3,11099.13,4820.84,523.91,78,1794.42
2/19/2017,169,101,50,5,0,13,90.81,83.77,91.8146,143.366,0,121.4784615,15347.08,8460.3,4590.73,716.83,0,1579.22
2/20/2017,187,121,42,7,1,16,91.27,83.13,93.51,137.9042857,88.6,126.66375,17066.72,10058.75,3927.42,965.33,88.6,2026.62
2/21/2017,191,125,46,6,1,13,91.62,83.32,100.1717391,139.2216667,88.6,119.5038462,17500.3,10414.92,4607.9,835.33,88.6,1553.55
2/22/2017,226,161,41,7,2,15,88.78,78.1,104.9534146,138.9957143,88.6,135.8486667,20064.37,12573.38,4303.09,972.97,177.2,2037.73
2/23/2017,207,155,33,5,3,11,85.55,77.67,103.7918182,145.74,90.12333333,113.1918182,17708.82,12039.51,3425.13,728.7,270.37,1245.11
2/24/2017,139,84,33,5,1,16,95.95,86.58,99.65939394,144.796,107,121.538125,13336.7,7272.35,3288.76,723.98,107,1944.61
2/25/2017,185,121,41,7,3,13,91.29,80.95,104.714878,138.7742857,90.62666667,119.7646154,16887.96,9794.41,4293.31,971.42,271.88,1556.94
2/26/2017,170,104,48,5,3,10,93.64,87.52,96.38666667,149.016,90.62666667,117.3,15918.37,9101.85,4626.56,745.08,271.88,1173
2/27/2017,215,144,51,7,3,10,94.58,87.27,97.6154902,136.6628571,90.62666667,155.92,20333.65,12567.54,4978.39,956.64,271.88,1559.2
2/28/2017,190,134,42,6,1,7,92.51,85.25,98.86452381,125.6066667,107,162.9142857,17576.34,11422.99,4152.31,753.64,107,1140.4
3/1/2017,179,123,39,6,2,9,94.47,83.98,109.5487179,143.0066667,93.37,140.3377778,16910.24,10330.02,4272.4,858.04,186.74,1263.04
3/2/2017,201,134,47,7,3,10,93.93,83.88,109.4329787,158.0057143,94.91333333,110.574,18879.25,11239.38,5143.35,1106.04,284.74,1105.74
3/3/2017,207,128,58,10,1,10,95.67,84.41,105.7793103,154.852,79.74,123.494,19802.83,10804.43,6135.2,1548.52,79.74,1234.94
3/4/2017,190,118,56,7,1,8,93.80,82.71,105.8857143,166.1085714,79.74,111.285,17821.6,9759.22,5929.6,1162.76,79.74,890.28
3/5/2017,175,112,48,7,1,7,94.90,85.12,106.7427083,157.4,79.74,109.8142857,16607.26,9533.37,5123.65,1101.8,79.74,768.7
3/6/2017,217,146,52,5,3,11,89.51,82.89,98.34884615,142.56,76.86,114.9818182,19424.36,12102.04,5114.14,712.8,230.58,1264.8
3/7/2017,220,151,53,6,1,9,89.40,82.61,102.2990566,124.9333333,64.14,106.4555556,19667.28,12473.59,5421.85,749.6,64.14,958.1
3/8/2017,191,135,46,5,1,4,90.32,84.21,103.6591304,126.38,64.14,104.725,17251.19,11367.93,4768.32,631.9,64.14,418.9
3/9/2017,186,126,49,4,1,6,91.08,82.75,103.7489796,126.525,64.14,143.2833333,16940.26,10426.62,5083.7,506.1,64.14,859.7
3/10/2017,212,149,50,4,1,8,93.32,85.09,106.9282,115.77,64.14,153.8375,19783.33,12679,5346.41,463.08,64.14,1230.7
3/11/2017,223,156,53,5,2,7,91.78,84.3,105.7456604,110.396,67.415,146.5285714,20467.92,13150.89,5604.52,551.98,134.83,1025.7
3/12/2017,191,144,35,7,0,5,90.02,86.77,99.52171429,115.6,0,81.2,17193.86,12495.4,3483.26,809.2,0,406
3/13/2017,169,112,41,8,2,6,95.43,93.31,96.76707317,119.06625,96.8,93.9,16127.89,10450.91,3967.45,952.53,193.6,563.4
3/14/2017,208,136,55,8,2,7,93.86,91.03,99.00890909,105.9325,96.8,93.90142857,19523.69,12379.83,5445.49,847.46,193.6,657.31
3/15/2017,220,144,56,7,3,10,86.33,79.6,98.90839286,106.8714286,90.03333333,97.167,18991.52,11462.78,5538.87,748.1,270.1,971.67
3/16/2017,217,139,58,11,2,7,90.36,80.65,99.67034483,110.1545455,85.125,176.5242857,19608.78,11210.28,5780.88,1211.7,170.25,1235.67
3/17/2017,220,137,60,10,1,12,95.02,83.2,107.6566667,128.855,63.05,141.2833333,20904.33,11397.93,6459.4,1288.55,63.05,1695.4
3/18/2017,226,140,58,10,2,16,94.17,81.62,108.4605172,130.655,69.025,132.49375,21281.77,11426.56,6290.71,1306.55,138.05,2119.9
3/19/2017,223,146,53,13,0,11,94.19,82.17,107.7511321,131.4984615,0,144.2363636,21003.38,11996.49,5710.81,1709.48,0,1586.6
3/20/2017,219,156,46,11,0,6,91.56,85.9,100.7056522,125.1636364,0,106.8333333,20051.13,13400.87,4632.46,1376.8,0,641
3/21/2017,216,156,47,8,0,5,92.82,87.52,102.4923404,122.1,0,120.2,20048.48,13653.54,4817.14,976.8,0,601
3/22/2017,184,122,44,10,2,6,92.92,85.37,102.8240909,121,89.9,127.8333333,17096.54,10415.48,4524.26,1210,179.8,767
3/23/2017,198,120,54,11,3,10,95.18,85.07,104.7833333,129.6090909,82.6,130.6,18846.01,10208.21,5658.3,1425.7,247.8,1306
3/24/2017,222,152,47,12,1,10,97.44,87.08,111.5082979,127.3625,88,153.82,21631.23,13235.79,5240.89,1528.35,88,1538.2
3/25/2017,225,155,47,8,2,13,98.28,89.13,111.4289362,129.64375,88,142.0615385,22112.32,13815.21,5237.16,1037.15,176,1846.8
3/26/2017,166,116,37,5,2,6,94.30,88.19,103.8759459,139.05,88,118.1783333,15654.02,10230.29,3843.41,695.25,176,709.07
3/27/2017,214,161,39,5,2,7,92.41,88.81,98.59794872,139.25,80.2,110.8814286,19776.05,14297.91,3845.32,696.25,160.4,776.17
3/28/2017,215,165,36,7,2,5,92.51,89.08,97.32611111,143.6185714,80.2,104.434,19889.65,14698.01,3503.74,1005.33,160.4,522.17
3/29/2017,197,135,47,10,2,3,96.90,90.09,101.5323404,147.765,80.2,172,19088.85,12162.78,4772.02,1477.65,160.4,516
3/30/2017,217,147,51,10,3,6,98.60,92.81,100.5139216,143.255,99.08333333,149.6666667,21397.18,13643.17,5126.21,1432.55,297.25,898
3/31/2017,212,142,50,10,1,9,104.76,95.96,110.3432,147.825,136.85,161.2477778,22209.15,13625.66,5517.16,1478.25,136.85,1451.23
4/1/2017,215,141,50,12,2,10,108.14,98.37,120.231,152.9225,98.55,133.596,23250.48,13870.8,6011.55,1835.07,197.1,1335.96
4/2/2017,189,119,47,9,3,11,113.55,102.8,122.1757447,177.3888889,119.7,139.2118182,21461.84,12232.65,5742.26,1596.5,359.1,1531.33
4/3/2017,223,144,50,10,3,16,114.50,102.99,123.7316,170.65,119.7,153.105625,25532.74,14830.87,6186.58,1706.5,359.1,2449.69
4/4/2017,218,138,55,11,1,13,113.06,101.25,121.1172727,165.9545455,162,155.8792308,24648.15,13972.77,6661.45,1825.5,162,2026.43
4/5/2017,215,129,59,13,3,11,117.07,106.14,122.6771186,162.4615385,82.33333333,170.9836364,25169.53,13691.76,7237.95,2112,247,1880.82
4/6/2017,222,135,60,9,2,16,122.02,106.53,135.1135,154.9666667,123.5,184.92,27088.27,14381.04,8106.81,1394.7,247,2958.72
4/7/2017,215,138,53,9,1,14,124.44,107.8,140.8037736,183.2444444,85,191.5157143,26754.35,14876.33,7462.6,1649.2,85,2681.22
4/8/2017,218,148,49,10,1,10,121.84,107.66,134.9308163,190.94,85,202.15,26561.88,15934.37,6611.61,1909.4,85,2021.5
4/9/2017,197,134,46,7,2,8,123.15,111.73,127.7226087,206.3428571,159.075,206.375,24261.21,14972.42,5875.24,1444.4,318.15,1651
4/10/2017,219,142,53,8,2,14,127.41,114.43,130.1307547,202.425,159.075,201.3514286,27902.27,16248.87,6896.93,1619.4,318.15,2818.92
4/11/2017,218,135,55,9,2,17,131.26,118.26,133.4292727,202.1811111,159.075,186.71,28615.37,15964.91,7338.61,1819.63,318.15,3174.07
4/12/2017,210,133,52,8,0,17,131.60,118.18,138.7932692,209.45375,0,177.99,27636.92,15718.21,7217.25,1675.63,0,3025.83
4/13/2017,224,146,52,9,0,17,131.88,119.55,137.7413462,196.6811111,0,185.5447059,29541.67,17454.73,7162.55,1770.13,0,3154.26
4/14/2017,223,153,45,10,0,15,128.99,117.4,135.3671111,194.476,0,184.3533333,28763.81,17962.23,6091.52,1944.76,0,2765.3
4/15/2017,213,139,47,11,0,16,130.76,113.89,144.6468085,186.3945455,0,198.205,27850.84,15830.82,6798.4,2050.34,0,3171.28
4/16/2017,217,146,47,9,0,15,127.00,110.93,145.3725532,185.12,0,190.952,27558.38,16195.51,6832.51,1666.08,0,2864.28
4/17/2017,208,136,50,10,0,12,127.19,111.91,146.2498,184.208,0,173.4875,26456.18,15219.76,7312.49,1842.08,0,2081.85
4/18/2017,195,118,55,7,1,14,125.56,110.99,138.6923636,186,201.66,161.095,24484.38,13097.31,7628.08,1302,201.66,2255.33
4/19/2017,217,136,61,9,1,10,122.28,110.96,129.9827869,172.1111111,201.66,176.509,26535.29,15090.59,7928.95,1549,201.66,1765.09
4/20/2017,223,135,63,8,3,14,126.12,113.84,132.5846032,173.15,134.2033333,186.9164286,28125.42,15367.95,8352.83,1385.2,402.61,2616.83
4/21/2017,218,141,58,7,2,10,123.34,110.85,134.6124138,180.0285714,99.25,199.182,26887.4,15629.36,7807.52,1260.2,198.5,1991.82
4/22/2017,220,149,55,9,2,5,120.44,109.75,131.9730909,166.0111111,99.25,238.5,26496.45,16352.83,7258.52,1494.1,198.5,1192.5
4/23/2017,189,113,54,14,3,5,118.58,100.41,136.5762963,189.7928571,102.8333333,144.86,22411.01,11345.99,7375.12,2657.1,308.5,724.3
4/24/2017,222,132,62,16,4,8,118.21,100.66,133.4612903,185.00625,121,154.7,26243.2,13286.9,8274.6,2960.1,484,1237.6
4/25/2017,217,139,54,11,2,11,118.93,102.4,132.5638889,187.9090909,142.75,187.5709091,25807.32,14233.09,7158.45,2067,285.5,2063.28
4/26/2017,222,142,54,12,2,12,120.37,105.7,127.8731481,187,142.75,189.7733333,26721.62,15009.69,6905.15,2244,285.5,2277.28
4/27/2017,221,146,52,10,0,13,125.48,112.7,134.5634615,180,0,190.7907692,27731.07,16453.49,6997.3,1800,0,2480.28
4/28/2017,224,143,54,10,1,16,130.37,121.72,131.475,162.225,117,184.861875,29203.29,17406.6,7099.65,1622.25,117,2957.79
4/29/2017,224,147,53,9,3,12,130.48,121.81,134.8133962,161.6944444,112.2,198.7675,29227.71,17905.54,7145.11,1455.25,336.6,2385.21
4/30/2017,217,145,47,12,2,11,132.93,124.56,136.8448936,169.365,117,189.7454545,28846.07,18060.78,6431.71,2032.38,234,2087.2
5/1/2017,202,149,37,7,2,7,127.70,122.03,133.3572973,193.0542857,117,156.2471429,25795.26,18181.93,4934.22,1351.38,234,1093.73
5/2/2017,198,138,45,5,1,9,126.57,117.54,132.8051111,203.1,150,188.8622222,25061.78,16220.29,5976.23,1015.5,150,1699.76
5/3/2017,213,142,52,6,1,12,124.41,116.04,127.5973077,174.3333333,150,182.5633333,26499.96,16478.14,6635.06,1046,150,2190.76
5/4/2017,216,146,50,7,2,11,127.17,116.87,129.9636,188.2857143,146,208.8227273,27468.72,17063.49,6498.18,1318,292,2297.05
5/5/2017,221,139,57,10,2,13,130.22,117.4,134.917193,178.8,114.5,211.8,28778.59,16317.91,7690.28,1788,229,2753.4
5/6/2017,221,145,55,11,1,9,127.91,117.52,138.3683636,171.0909091,79,184.0555556,28268.29,17040.53,7610.26,1882,79,1656.5
5/7/2017,213,143,52,8,0,10,123.65,114.4,136.6828846,153.625,0,164.34,26338.47,16358.56,7107.51,1229,0,1643.4
5/8/2017,197,137,42,5,3,10,124.84,115.44,138.192619,173.2,92.56333333,183.086,24594.1,15815.46,5804.09,866,277.69,1830.86
5/9/2017,211,138,50,9,1,13,126.63,116.25,131.8874,150.4144444,95,202.4830769,26717.97,16042.59,6594.37,1353.73,95,2632.28
5/10/2017,218,146,52,7,2,11,129.24,119.64,137.5986538,166.19,140,191.6036364,28174.05,17467.95,7155.13,1163.33,280,2107.64
5/11/2017,216,142,53,11,0,10,135.01,125.27,141.9301887,164.8027273,0,203.993,29162.86,17787.8,7522.3,1812.83,0,2039.93
5/12/2017,209,145,49,5,1,9,139.98,130.27,148.5097959,189.586,112.32,225.5366667,29256.14,18889.08,7276.98,947.93,112.32,2029.83
5/13/2017,213,140,52,7,1,13,137.22,127.68,147.4573077,182.3471429,112.32,176.7123077,29228.5,17874.71,7667.78,1276.43,112.32,2297.26
5/14/2017,221,144,50,9,2,16,131.34,124.23,139.321,170.1366667,128.16,149.006875,29027.09,17889.38,6966.05,1531.23,256.32,2384.11
5/15/2017,206,133,43,13,1,16,131.38,123.51,142.3972093,162.4615385,144,141.181875,27065.26,16427.27,6123.08,2112,144,2258.91
5/16/2017,222,140,56,11,1,14,133.08,122.16,150.51875,164.0909091,144,147.4178571,29544.26,17102.36,8429.05,1805,144,2063.85
5/17/2017,219,144,53,9,2,11,134.53,121.75,157.0764151,176.5555556,135,158.5772727,29461,17532.6,8325.05,1589,270,1744.35
5/18/2017,219,141,52,14,2,10,139.19,125.15,158.7886538,185.1785714,135,171.685,30483.06,17646.7,8257.01,2592.5,270,1716.85
5/19/2017,222,147,53,9,1,12,138.67,125.79,158.0903774,174.6666667,144,183.2625,30785.68,18491.74,8378.79,1572,144,2199.15
5/20/2017,224,137,59,15,2,11,145.32,136.34,152.4228814,173.4533333,138,182.0363636,32551.2,18678.05,8992.95,2601.8,276,2002.4
5/21/2017,217,142,54,10,1,10,142.16,134.43,152.6022222,156.98,120,183.095,30849.7,19088.43,8240.52,1569.8,120,1830.95
5/22/2017,223,149,53,7,2,12,137.89,129.09,148.5328302,178.35,123,179.085,30750.09,19234.38,7872.24,1248.45,246,2149.02
5/23/2017,221,145,52,6,2,16,141.25,127.57,156.2380769,186.1583333,123,201.8725,31215.51,18498.22,8124.38,1116.95,246,3229.96
5/24/2017,220,144,54,7,2,13,135.89,120.92,150.7531481,195.0642857,127,209.4692308,29896.02,17412.8,8140.67,1365.45,254,2723.1
5/25/2017,224,154,48,7,3,12,133.25,119.28,149.2914583,186.35,159.1666667,211.025,29848.65,18368.41,7165.99,1304.45,477.5,2532.3
5/26/2017,222,145,53,8,2,14,134.67,122.35,143.435283,177,179.5,198.5042857,29896.28,17740.15,7602.07,1416,359,2779.06
5/27/2017,220,143,57,7,2,11,131.85,117.78,147.4101754,159.2857143,179.5,208.0154545,29007.5,16842.95,8402.38,1115,359,2288.17
5/28/2017,191,128,53,6,0,4,126.31,113.34,145.0549057,178.145,0,215.485,24126.04,14507.32,7687.91,1068.87,0,861.94
5/29/2017,182,116,54,8,1,3,124.53,108.17,142.582037,206.10875,137.21,210.8133333,22665.35,12547.4,7699.43,1648.87,137.21,632.44
5/30/2017,180,117,48,8,1,6,131.12,114.93,149.8052083,205.555,137.21,197.1533333,23602.3,13447.08,7190.65,1644.44,137.21,1182.92
5/31/2017,199,132,49,10,1,7,130.43,113.59,148.7642857,207.444,91.51,215.3071429,25956.19,14993.64,7289.45,2074.44,91.51,1507.15
6/1/2017,199,130,51,10,2,6,129.37,113.14,146.3437255,207.545,91.51,218.9416667,25743.72,14708.07,7463.53,2075.45,183.02,1313.65
6/2/2017,221,145,51,11,2,12,129.31,116.1,145.9211765,187.7072727,91.51,171.1375,28578.51,16835.08,7441.98,2064.78,183.02,2053.65
6/3/2017,214,143,53,7,2,9,132.85,120.99,142.3215094,207.0257143,91.51,217.0322222,28430.15,17301.62,7543.04,1449.18,183.02,1953.29
6/4/2017,199,142,39,7,0,11,132.12,119.01,140.7051282,209.1528571,0,221.9054545,26291.36,16898.83,5487.5,1464.07,0,2440.96
6/5/2017,216,155,49,5,0,7,132.25,121.45,150.5644898,190.566,0,201.5242857,28566.41,18825.25,7377.66,952.83,0,1410.67
6/6/2017,219,150,53,7,0,9,134.64,122.15,151.8784906,178.2614286,0,207.2522222,29485.25,18322.59,8049.56,1247.83,0,1865.27
6/7/2017,219,145,56,7,0,11,134.31,119.87,152.0821429,165.1471429,0,214.57,29413.56,17380.66,8516.6,1156.03,0,2360.27
6/8/2017,216,152,50,5,1,8,136.56,124.66,156.4238,171.872,107.45,220.15875,29498.03,18948.76,7821.19,859.36,107.45,1761.27
6/9/2017,217,149,55,6,2,5,138.66,124.85,162.3030909,204.2,107.45,224.168,30089.88,18602.27,8926.67,1225.2,214.9,1120.84
6/10/2017,212,147,52,6,2,5,134.40,123.64,149.1765385,204.2,107.45,224.168,28492.84,18174.72,7757.18,1225.2,214.9,1120.84
6/11/2017,188,126,48,9,0,5,135.26,124.07,143.7589583,199.3,0,220.3,25428.78,15633.15,6900.43,1793.7,0,1101.5
6/12/2017,200,120,60,9,1,10,133.18,121.2,141.2163333,186.0588889,6,193.828,26635.33,14543.54,8472.98,1674.53,6,1938.28
6/13/2017,203,124,65,6,1,7,126.90,117.99,135.7187692,169.5,6,183.4571429,25759.8,14630.88,8821.72,1017,6,1284.2
6/14/2017,216,132,67,6,1,10,128.53,119.43,136.9073134,189.6383333,6,168.22,27763.42,15764.6,9172.79,1137.83,6,1682.2
6/15/2017,215,141,57,8,1,8,129.18,120.27,141.3115789,169.745,6,174.6,27773.73,16958.21,8054.76,1357.96,6,1396.8
6/16/2017,214,142,57,7,2,6,128.57,118.56,139.9014035,175.0471429,118.75,206.845,27513.85,16835.57,7974.38,1225.33,237.5,1241.07
6/17/2017,212,135,56,11,0,10,134.38,120.48,143.9183929,179.8481818,0,218.587,28488.81,16265.18,8059.43,1978.33,0,2185.87
6/18/2017,192,128,45,9,1,9,131.55,120.62,137.5537778,185.7777778,144,201.4733333,25258.39,15439.21,6189.92,1672,144,1813.26
6/19/2017,205,146,40,11,1,7,130.60,119.1,141.59525,193.7272727,144,206.3228571,26772.09,17389.02,5663.81,2131,144,1444.26
6/20/2017,218,147,46,13,4,8,134.01,120.83,142.6352174,187,142.85,236.05875,29213.66,17761.57,6561.22,2431,571.4,1888.47
6/21/2017,222,148,47,13,3,11,135.64,120.76,142.8061702,198.3846154,112.1066667,237.4063636,30111.88,17873.2,6711.89,2579,336.32,2611.47
6/22/2017,213,143,50,9,2,9,134.23,120.01,143.4504,197.1855556,154,241.7188889,28592.02,17161.36,7172.52,1774.67,308,2175.47
6/23/2017,206,141,45,9,2,9,131.44,118.38,140.9144444,192.1855556,154,222.8722222,27076.63,16691.96,6341.15,1729.67,308,2005.85
6/24/2017,205,138,52,8,2,5,127.64,116.08,138.6282692,182.625,154,233.81,26166.11,16019.39,7208.67,1461,308,1169.05
6/25/2017,211,158,37,7,2,7,122.24,113.46,137.6483784,162.5714286,95.5,206.35,25792.87,17926.43,5092.99,1138,191,1444.45
6/26/2017,224,167,40,8,2,7,119.67,111.15,133.92775,157.7125,95.5,204.7985714,26805.09,18561.69,5357.11,1261.7,191,1433.59
6/27/2017,199,133,49,8,0,9,120.96,110.36,129.154898,166.525,0,192.5211111,24071.36,14677.88,6328.59,1332.2,0,1732.69
6/28/2017,215,147,48,9,0,11,124.66,115.3,129.9789583,161.1555556,0,196.6190909,26801.44,16949.24,6238.99,1450.4,0,2162.81
6/29/2017,214,149,47,6,0,12,127.12,117.7,131.4180851,184.7333333,0,198.56,27204.41,17536.64,6176.65,1108.4,0,2382.72
6/30/2017,213,148,46,6,1,12,126.60,114.64,141.86,162.5516667,112.67,198.7466667,26964.76,16966.26,6525.56,975.31,112.67,2384.96
7/1/2017,216,141,53,9,1,12,127.82,112.5,145.525283,151.0155556,98,214.6383333,27608.44,15862.8,7712.84,1359.14,98,2575.66
7/2/2017,201,131,50,8,2,10,127.39,111.78,152.7158,153.055,89.05,192.392,25605.9,14643.65,7635.79,1224.44,178.1,1923.92
7/3/2017,208,130,52,10,2,14,127.27,110.42,148.2078846,151.124,99.385,192.9028571,26471.5,14354.04,7706.81,1511.24,198.77,2700.64
7/4/2017,220,141,52,9,1,17,125.15,108.43,139.025,161.8444444,80.1,204.6288235,27533.68,15288.99,7229.3,1456.6,80.1,3478.69
7/5/2017,224,152,47,9,1,15,123.99,107.51,142.126383,171.2333333,80.1,208.684,27773.53,16342.13,6679.94,1541.1,80.1,3130.26
7/6/2017,217,132,57,9,2,17,123.78,106.66,138.5785965,177.0888889,80.1,184.0117647,26860.64,14079.46,7898.98,1593.8,160.2,3128.2
7/7/2017,220,138,54,12,0,16,123.24,106.91,134.6672222,176.975,0,185.173125,27112.46,14753.96,7272.03,2123.7,0,2962.77
7/8/2017,221,141,51,15,1,13,123.95,108.02,134.4819608,187.9733333,93.65,183.9407692,27393.97,15230.91,6858.58,2819.6,93.65,2391.23
7/9/2017,219,142,52,13,1,11,124.13,110.43,136.1811538,172.95,93.65,189.1472727,27184.49,15680.45,7081.42,2248.35,93.65,2080.62
7/10/2017,221,143,52,9,1,16,127.09,112.38,134.7957692,191.25,93.65,199.509375,28086.13,16069.7,7009.38,1721.25,93.65,3192.15
7/11/2017,219,144,47,12,2,14,123.96,112.15,133.3204255,184.5875,93.65,166.4614286,27147.9,16149.03,6266.06,2215.05,187.3,2330.46
7/12/2017,225,145,49,12,4,15,123.51,111.59,134.4146939,171.6266667,101.3,170.5553333,27789.62,16180.25,6586.32,2059.52,405.2,2558.33
7/13/2017,224,149,50,11,3,11,122.14,109.34,134.9858,157.62,122.6333333,201.3945455,27358.52,16292.17,6749.29,1733.82,367.9,2215.34
7/14/2017,222,154,47,7,3,11,119.23,109.23,136.7493617,132.5742857,122.6333333,174.9790909,26469.25,16821.34,6427.22,928.02,367.9,1924.77
7/15/2017,215,134,57,8,3,13,127.29,111.62,146.4266667,180.4875,129.7,171.6384615,27368.36,14957.74,8346.32,1443.9,389.1,2231.3
7/16/2017,217,144,48,9,3,13,130.30,112.44,152.1070833,184.3755556,129.7,210.3230769,28275.83,16192.01,7301.14,1659.38,389.1,2734.2
7/17/2017,224,147,53,9,4,11,125.52,110.51,144.1754717,169.8311111,119.525,202.2436364,28117.21,16244.65,7641.3,1528.48,478.1,2224.68
7/18/2017,224,143,56,9,5,11,125.84,109.6,142.7380357,168.7955556,113.44,221.5263636,28188.61,15672.13,7993.33,1519.16,567.2,2436.79
7/19/2017,224,142,58,6,5,13,126.99,110.36,144.635,190.58,120.56,203.0084615,28445,15670.78,8388.83,1143.48,602.8,2639.11
7/20/2017,224,154,47,7,4,12,125.01,112.23,144.6797872,175.5728571,100.8,190.63,28002.69,17282.97,6799.95,1229.01,403.2,2287.56
7/21/2017,215,139,52,10,4,10,126.06,113.34,141.9369231,176.106,100.8,180.362,27103.55,15754.95,7380.72,1761.06,403.2,1803.62
7/22/2017,220,152,49,9,2,8,124.88,112.63,141.1122449,176.7177778,105.7,204.68875,27473.16,17119.29,6914.5,1590.46,211.4,1637.51
7/23/2017,220,156,45,8,1,10,125.12,112.01,144.2433333,178.25625,122.4,201.424,27526.91,17473.27,6490.95,1426.05,122.4,2014.24
7/24/2017,211,131,59,7,1,13,132.51,115.83,147.0633898,199.1814286,91.85,201.81,27960.42,15174.03,8676.74,1394.27,91.85,2623.53
7/25/2017,223,136,60,9,1,17,136.32,117.65,146.3248333,208.6411111,91.85,214.6317647,30398.83,16000.98,8779.49,1877.77,91.85,3648.74
7/26/2017,218,134,58,7,2,17,134.26,115.72,144.0513793,199.11,91.85,225.2252941,29267.9,15506.62,8354.98,1393.77,183.7,3828.83
7/27/2017,223,136,56,10,2,19,133.57,113.71,140.7326786,203.675,91.85,222.0468421,29785.15,15464.78,7881.03,2036.75,183.7,4218.89
7/28/2017,220,140,54,11,2,13,132.63,115.54,149.8740741,164.5936364,91.85,224.2915385,29178.38,16175.16,8093.2,1810.53,183.7,2915.79
7/29/2017,210,137,52,6,3,12,133.89,118.75,155.1190385,155.5833333,92.44666667,214.3016667,28117.86,16269.21,8066.19,933.5,277.34,2571.62
7/30/2017,191,123,46,5,2,15,133.76,116.7,153.4908696,183.696,93.64,201.9053333,25548.81,14353.89,7060.58,918.48,187.28,3028.58
7/31/2017,215,139,48,10,2,16,131.66,116,146.0625,193.14,93.64,190.768125,28306.2,16124.23,7011,1931.4,187.28,3052.29
8/1/2017,210,136,44,9,1,20,137.22,119.04,156.7045455,201.6922222,93.64,191.151,28816.04,16189.15,6895,1815.23,93.64,3823.02
8/2/2017,223,148,52,8,1,14,141.91,128.46,157.2926923,186.8125,101.08,204.18,31645.35,19012.03,8179.22,1494.5,101.08,2858.52
8/3/2017,221,145,59,8,1,8,138.44,124.16,160.5486441,168.5375,101.08,208.86625,30595.17,18002.49,9472.37,1348.3,101.08,1670.93
8/4/2017,223,146,56,7,1,13,138.25,121.42,157.6976786,166.36,101.08,231.1792308,30829.45,17727.45,8831.07,1164.52,101.08,3005.33
8/5/2017,212,142,49,7,2,12,139.23,123.21,158.5532653,173.5028571,101.08,236.2425,29515.95,17495.25,7769.11,1214.52,202.16,2834.91
8/6/2017,216,144,49,5,2,16,138.65,125.95,148.9869388,145.904,101.08,223.776875,29948.86,18136.39,7300.36,729.52,202.16,3580.43
8/7/2017,223,139,49,10,5,20,143.30,127.25,156.6593878,181.362,120.782,208.664,31954.92,17687.8,7676.31,1813.62,603.91,4173.28
8/8/2017,225,139,53,8,5,20,142.25,126.94,152.3941509,190.85,120.782,207.7225,32007.09,17645.04,8076.89,1526.8,603.91,4154.45
8/9/2017,222,140,53,6,3,20,141.66,123.79,154.6518868,190.3666667,133.9166667,218.8175,31447.98,17331.13,8196.55,1142.2,401.75,4376.35
8/10/2017,222,145,51,8,2,16,142.33,124.91,165.9547059,198.305,130.875,198.378125,31597.99,18112.06,8463.69,1586.44,261.75,3174.05
8/11/2017,222,142,54,7,3,16,146.24,127.25,173.9883333,209.3071429,160.5833333,190.859375,32465.4,18069.38,9395.37,1465.15,481.75,3053.75
8/12/2017,225,138,59,10,3,15,148.30,127.43,175.1847458,201.865,160.5833333,196.4233333,33367.43,17584.78,10335.9,2018.65,481.75,2946.35
8/13/2017,208,132,52,8,2,14,145.84,127.7,167.0040385,199.4925,155.875,206.1892857,30334.59,16856.04,8684.21,1595.94,311.75,2886.65
8/14/2017,223,138,55,13,3,14,146.89,126.36,169.316,196.0723077,139.7233333,216.9714286,32756.27,17438.18,9312.38,2548.94,419.17,3037.6
8/15/2017,218,129,50,13,2,24,150.38,126.06,165.6302,202.2884615,155.875,220.7333333,32782.91,16262.3,8281.51,2629.75,311.75,5297.6
8/16/2017,220,138,49,11,0,22,148.19,122.72,167.2440816,206.9372727,0,236.1536364,32602.1,16935.45,8194.96,2276.31,0,5195.38
8/17/2017,221,137,57,8,1,18,146.00,125.17,163.9235088,196.88625,150,224.9711111,32265.85,17147.64,9343.64,1575.09,150,4049.48
8/18/2017,222,138,55,9,2,18,141.67,123.19,154.7932727,183.7766667,128.325,223.6505556,31450.25,17000.27,8513.63,1653.99,256.65,4025.71
8/19/2017,217,141,52,10,2,12,136.62,119.69,152.5803846,178.999,128.325,232.3958333,29645.58,16876.01,7934.18,1789.99,256.65,2788.75
8/20/2017,220,144,53,8,1,14,131.57,113.07,152.2273585,178.18625,146.25,215.9921429,28945.14,16281.46,8068.05,1425.49,146.25,3023.89
8/21/2017,222,143,59,5,1,14,128.83,112.94,146.5655932,185.662,146.25,194.8064286,28599.54,16150.32,8647.37,928.31,146.25,2727.29
8/22/2017,222,148,52,5,3,14,127.77,114.21,143.5421154,179.24,149.1666667,189.52,28364.38,16903.21,7464.19,896.2,447.5,2653.28
8/23/2017,223,144,56,6,2,15,129.93,116.77,141.9939286,190.2,146.25,184.9266667,28973.47,16814.21,7951.66,1141.2,292.5,2773.9
8/24/2017,222,143,51,10,2,16,133.11,119.24,143.055098,170.196,146.25,200.555,29550.94,17051.79,7295.81,1701.96,292.5,3208.88
8/25/2017,221,135,58,10,1,17,135.16,117.23,147.927931,177.546,146.25,208.3694118,29870,15826.19,8579.82,1775.46,146.25,3542.28
8/26/2017,223,144,54,8,1,16,130.70,111.97,146.7001852,191.2025,123.05,215.501875,29146.69,16124.18,7921.81,1529.62,123.05,3448.03
8/27/2017,193,117,54,10,2,10,129.59,108.31,150.7037037,183.776,123.05,211.641,25010.07,12671.8,8138,1837.76,246.1,2116.41
8/28/2017,213,134,52,10,2,15,126.66,107.91,144.6580769,179.056,123.05,197.344,26979.01,14459.97,7522.22,1790.56,246.1,2960.16
8/29/2017,211,123,63,9,1,15,126.09,106.34,142.3060317,173.6733333,80.1,194.432,26604.35,13079.43,8965.28,1563.06,80.1,2916.48
8/30/2017,201,128,52,8,2,11,121.92,105.58,142.6919231,172.8175,80.1,184.4554545,24506.07,13514.34,7419.98,1382.54,160.2,2029.01
8/31/2017,222,140,59,9,2,12,124.51,107.66,148.0732203,159.4755556,80.1,186.5008333,27642.04,15072.23,8736.32,1435.28,160.2,2238.01
9/1/2017,113,62,39,6,0,6,134.28,111.51,154.9494872,158.53,0,211.0016667,15173.9,6913.68,6043.03,951.18,0,1266.01
9/2/2017,84,47,29,5,0,3,132.10,112.24,151.327931,152.636,0,223.2933333,11096.69,5275.12,4388.51,763.18,0,669.88
9/3/2017,34,22,8,2,0,2,121.52,102.69,120.2525,217.34,0,237.875,4131.68,2259.23,962.02,434.68,0,475.75
9/4/2017,8,5,1,1,0,1,140.95,107.1,157.71,225.43,0,209,1127.62,535.48,157.71,225.43,0,209
9/5/2017,6,4,1,1,0,0,138.50,111.97,157.71,225.43,0,0,831.02,447.88,157.71,225.43,0,0
9/6/2017,3,2,1,0,0,0,137.77,127.8,157.71,0,0,0,413.31,255.6,157.71,0,0,0
9/7/2017,0,0,0,0,0,0,0.00,0,0,0,0,0,0,0,0,0,0,0
9/8/2017,0,0,0,0,0,0,0.00,0,0,0,0,0,0,0,0,0,0,0
9/9/2017,0,0,0,0,0,0,0.00,0,0,0,0,0,0,0,0,0,0,0
9/10/2017,0,0,0,0,0,0,0.00,0,0,0,0,0,0,0,0,0,0,0
9/11/2017,0,0,0,0,0,0,0.00,0,0,0,0,0,0,0,0,0,0,0
9/12/2017,0,0,0,0,0,0,0.00,0,0,0,0,0,0,0,0,0,0,0
9/13/2017,0,0,0,0,0,0,0.00,0,0,0,0,0,0,0,0,0,0,0
9/14/2017,0,0,0,0,0,0,0.00,0,0,0,0,0,0,0,0,0,0,0
9/15/2017,0,0,0,0,0,0,0.00,0,0,0,0,0,0,0,0,0,0,0
9/16/2017,0,0,0,0,0,0,0.00,0,0,0,0,0,0,0,0,0,0,0
9/17/2017,0,0,0,0,0,0,0.00,0,0,0,0,0,0,0,0,0,0,0
