date,num_guests,num_guests_A,num_guests_D,num_guests_E,num_guests_C,num_guests_lux,avg_rev_guests,avg_rev_A,avg_rev_D,avg_rev_E,avg_rev_C,avg_rev_lux,rev_total,rev_A,rev_D,rev_E,rev_C,rev_lux
7/1/2015,34,11,6,7,5,5,93.73,78.77,89.82,101.06,85.52,129.30,3186.88,866.47,538.93,707.41,427.59,646.48
7/2/2015,63,18,13,12,9,11,97.72,74.31,93.66,116.53,89.47,127.05,6156.38,1337.59,1217.64,1398.34,805.24,1397.57
7/3/2015,80,26,15,17,10,12,99.47,79.10,92.13,120.87,90.81,129.67,7957.40,2056.72,1381.90,2054.71,908.05,1556.02
7/4/2015,107,39,23,19,10,16,97.00,79.48,94.93,120.34,81.81,124.42,10378.52,3099.80,2183.40,2286.51,818.11,1990.70
7/5/2015,121,50,26,18,12,15,97.58,82.41,91.21,119.32,96.15,134.21,11806.77,4120.65,2371.39,2147.70,1153.81,2013.22
7/6/2015,141,53,31,26,12,19,101.09,81.84,92.64,118.57,108.57,139.94,14254.09,4337.65,2871.79,3082.83,1302.87,2658.95
7/7/2015,152,58,35,26,12,21,103.13,83.82,93.51,120.51,117.10,143.05,15676.49,4861.36,3272.85,3133.13,1405.20,3003.95
7/8/2015,157,58,38,30,9,22,104.77,86.69,96.44,120.18,113.56,142.20,16448.71,5028.30,3664.75,3605.29,1022.00,3128.37
7/9/2015,168,67,38,32,11,20,105.89,86.73,99.01,125.12,115.36,147.18,17790.31,5811.10,3762.56,4003.98,1269.00,2943.67
7/10/2015,177,67,44,31,12,23,108.87,88.21,102.35,126.14,126.91,148.81,19269.19,5909.86,4503.40,3910.35,1522.88,3422.70
7/11/2015,174,69,44,32,11,18,110.73,93.98,104.11,128.86,132.99,145.28,19266.35,6484.29,4580.67,4123.51,1462.93,2614.95
7/12/2015,173,66,49,30,9,19,113.15,97.95,107.11,127.67,131.21,150.08,19575.23,6464.43,5248.32,3830.03,1180.93,2851.52
7/13/2015,179,68,50,30,9,22,118.41,105.29,111.36,129.28,131.63,154.78,21195.83,7159.53,5568.08,3878.36,1184.63,3405.23
7/14/2015,181,69,49,30,12,21,119.49,106.28,114.51,134.25,128.90,148.05,21627.32,7333.01,5611.15,4027.41,1546.78,3108.97
7/15/2015,182,70,49,29,12,22,124.18,109.33,116.67,138.52,156.63,151.55,22600.71,7653.34,5716.59,4017.16,1879.59,3334.03
7/16/2015,179,68,49,30,12,20,126.68,113.85,124.17,140.03,128.38,155.44,22676.15,7741.64,6084.20,4200.96,1540.59,3108.76
7/17/2015,175,68,49,29,8,21,132.48,118.79,128.07,144.50,131.65,170.85,23184.80,8077.98,6275.27,4190.43,1053.23,3587.89
7/18/2015,178,68,48,29,11,22,135.31,119.29,132.63,146.03,148.79,169.82,24085.82,8111.70,6366.34,4234.99,1636.73,3736.06
7/19/2015,172,67,48,28,11,18,133.43,119.38,129.54,144.86,136.71,176.27,22949.24,7998.53,6217.89,4056.11,1503.80,3172.91
7/20/2015,179,69,49,30,13,18,135.18,122.20,132.57,142.69,137.28,177.95,24196.47,8432.10,6495.86,4280.80,1784.62,3203.09
7/21/2015,181,69,49,30,13,20,133.50,118.53,130.74,146.71,140.28,167.65,24162.64,8178.52,6406.14,4401.29,1823.62,3353.07
7/22/2015,183,69,49,30,13,22,136.23,120.18,135.60,147.72,140.28,169.94,24930.92,8292.36,6644.54,4431.66,1823.62,3738.74
7/23/2015,181,66,49,32,13,21,139.75,123.30,138.15,152.87,140.21,174.94,25295.47,8137.66,6769.39,4891.94,1822.72,3673.76
7/24/2015,180,70,49,30,12,19,143.93,125.82,142.76,161.68,150.89,181.22,25906.95,8807.35,6995.44,4850.30,1810.62,3443.24
7/25/2015,184,70,49,31,12,22,143.83,125.46,138.35,165.46,155.47,177.64,26464.21,8781.88,6779.36,5129.30,1865.65,3908.02
7/26/2015,167,67,45,28,12,15,142.39,123.68,136.21,163.29,159.52,191.87,23779.89,8286.31,6129.25,4571.99,1914.28,2878.06
7/27/2015,182,69,50,30,12,21,139.51,122.79,131.24,163.56,154.77,171.08,25390.87,8472.31,6561.83,4906.86,1857.23,3592.64
7/28/2015,179,67,51,30,9,22,139.65,124.01,132.36,159.00,146.09,175.18,24997.98,8308.58,6750.53,4770.06,1314.83,3853.98
7/29/2015,182,69,49,30,12,22,141.43,125.23,135.17,162.72,147.58,173.82,25740.99,8640.77,6623.55,4881.66,1770.98,3824.03
7/30/2015,178,69,49,30,11,19,139.17,124.45,131.35,156.60,156.42,175.30,24772.38,8586.89,6436.08,4698.09,1720.66,3330.66
7/31/2015,178,69,48,30,9,22,140.22,119.71,134.37,152.86,165.28,189.84,24959.13,8259.84,6449.67,4585.65,1487.55,4176.42
8/1/2015,179,68,49,30,10,22,146.04,124.53,145.14,153.66,165.09,195.53,26141.89,8467.77,7111.65,4609.87,1650.88,4301.72
8/2/2015,168,66,48,27,9,18,144.92,128.27,146.68,148.32,161.46,187.87,24346.11,8466.14,7040.42,4004.73,1453.14,3381.68
8/3/2015,178,70,48,30,10,20,149.32,129.33,152.32,150.92,169.13,199.79,26579.60,9053.29,7311.47,4527.68,1691.34,3995.82
8/4/2015,182,69,50,30,12,21,151.57,130.02,152.46,154.78,190.36,193.51,27585.83,8971.66,7622.78,4643.42,2284.30,4063.67
8/5/2015,182,70,49,30,11,22,152.92,135.80,149.98,156.16,192.03,189.99,27831.73,9505.83,7349.16,4684.77,2112.30,4179.67
8/6/2015,180,68,49,29,11,23,155.27,142.06,151.35,153.12,200.78,183.59,27947.92,9660.21,7415.96,4440.59,2208.59,4222.57
8/7/2015,182,70,49,30,12,21,153.31,139.48,149.33,154.49,195.67,182.77,27901.89,9763.83,7317.29,4634.61,2348.09,3838.07
8/8/2015,181,68,49,30,12,22,156.18,141.79,151.94,152.56,194.35,194.23,28269.01,9641.83,7445.03,4576.92,2332.19,4273.04
8/9/2015,171,70,49,27,11,14,154.22,141.89,152.97,150.79,175.90,209.86,26371.82,9932.27,7495.40,4071.26,1934.91,2937.98
8/10/2015,182,70,49,29,12,22,160.26,145.00,156.18,164.62,180.86,200.87,29166.44,10150.29,7652.65,4773.97,2170.30,4419.23
8/11/2015,183,70,49,30,13,21,160.92,142.24,161.57,167.47,179.45,200.83,29448.31,9956.95,7916.86,5024.16,2332.91,4217.43
8/12/2015,179,69,49,29,12,20,159.02,140.68,160.00,164.66,178.83,199.86,28464.99,9706.79,7839.96,4775.16,2145.91,3997.17
8/13/2015,182,69,49,30,12,22,160.63,137.12,161.25,178.37,182.49,196.90,29235.50,9461.52,7901.04,5351.20,2189.91,4331.83
8/14/2015,182,70,49,30,13,20,161.12,135.61,168.75,177.47,183.04,192.94,29323.91,9493.02,8268.78,5323.95,2379.46,3858.70
8/15/2015,182,68,50,30,12,22,159.44,134.24,169.57,174.49,164.62,190.97,29018.29,9128.05,8478.72,5234.75,1975.38,4201.39
8/16/2015,178,69,49,29,12,19,159.33,139.53,164.17,171.48,155.21,202.86,28361.61,9627.31,8044.42,4972.94,1862.51,3854.43
8/17/2015,183,69,50,30,12,22,156.79,131.46,159.24,177.67,155.78,202.70,28691.90,9070.68,7962.19,5330.15,1869.38,4459.50
8/18/2015,181,70,48,28,13,22,157.51,132.53,162.35,171.29,162.23,206.08,28508.65,9277.03,7792.68,4796.25,2108.99,4533.70
8/19/2015,180,70,46,31,11,22,157.42,131.97,161.68,168.67,167.51,208.61,28336.01,9237.71,7437.30,5228.84,1842.66,4589.50
8/20/2015,183,70,49,30,12,22,155.85,127.67,164.22,166.31,167.16,206.40,28519.86,8937.09,8046.64,4989.34,2005.89,4540.90
8/21/2015,180,70,48,30,9,23,158.30,135.90,161.50,165.55,181.34,201.33,28494.39,9513.19,7751.92,4966.64,1632.06,4630.58
8/22/2015,182,70,51,29,10,22,160.81,138.40,164.66,166.17,180.32,207.24,29267.18,9688.19,8397.61,4818.91,1803.19,4559.28
8/23/2015,179,70,49,27,12,21,160.34,135.42,161.33,172.65,190.62,207.92,28700.43,9479.67,7905.38,4661.65,2287.40,4366.33
8/24/2015,183,70,50,29,13,21,160.98,138.93,163.11,165.55,196.60,201.05,29459.36,9725.35,8155.37,4800.84,2555.81,4221.99
8/25/2015,182,70,47,31,12,22,159.16,135.26,162.56,165.09,198.00,198.40,28966.75,9468.01,7640.09,5117.90,2375.95,4364.80
8/26/2015,181,70,48,30,11,22,156.50,133.62,162.08,161.05,201.16,188.63,28327.03,9353.06,7779.94,4831.51,2212.72,4149.80
8/27/2015,182,70,50,29,11,22,150.92,125.30,158.07,154.19,198.87,187.94,27468.21,8770.79,7903.58,4471.64,2187.58,4134.62
8/28/2015,183,70,49,30,12,22,145.60,121.66,152.23,147.14,185.48,183.13,26644.04,8516.07,7459.12,4414.23,2225.71,4028.91
8/29/2015,182,70,49,29,12,22,136.26,116.12,140.28,140.83,148.06,178.96,24800.04,8128.53,6873.55,4084.09,1776.68,3937.19
8/30/2015,164,61,43,30,10,20,127.17,111.04,123.82,137.11,135.60,164.43,20855.37,6773.49,5324.06,4113.19,1356.03,3288.60
8/31/2015,164,60,45,30,9,20,124.32,105.46,118.44,132.29,133.81,177.93,20388.82,6327.61,5329.60,3968.62,1204.30,3558.69
9/1/2015,181,69,49,30,12,21,119.70,100.09,116.06,127.57,137.52,171.18,21665.38,6906.55,5686.83,3827.02,1650.29,3594.69
9/2/2015,183,70,49,29,12,23,115.88,89.19,116.17,127.64,135.59,171.37,21205.86,6243.30,5692.41,3701.69,1627.04,3941.42
9/3/2015,181,70,49,29,10,23,113.10,93.25,108.29,121.37,127.49,167.03,20470.34,6527.72,5306.33,3519.78,1274.89,3841.62
9/4/2015,181,70,49,30,12,20,108.98,90.74,109.97,115.20,104.78,163.55,19724.57,6351.91,5388.41,3455.99,1257.36,3270.90
9/5/2015,181,70,49,30,12,20,107.11,89.30,109.80,110.78,108.26,156.72,19387.75,6250.72,5380.27,3323.30,1299.16,3134.30
9/6/2015,180,67,52,31,10,20,105.39,92.38,102.92,109.90,101.62,150.33,18970.76,6189.25,5351.93,3406.79,1016.19,3006.60
9/7/2015,180,66,50,33,10,21,106.91,89.24,101.25,121.05,137.42,139.16,19243.61,5889.75,5062.57,3994.76,1374.19,2922.34
9/8/2015,182,66,50,32,11,23,105.75,89.09,99.86,117.59,129.02,138.80,19247.21,5879.70,4993.11,3762.80,1419.26,3192.34
9/9/2015,178,65,49,32,11,21,107.00,96.69,100.45,114.35,129.30,131.34,19046.55,6284.73,4922.22,3659.30,1422.26,2758.04
9/10/2015,182,66,49,32,12,23,102.73,89.56,97.48,117.24,128.54,118.03,18696.68,5911.21,4776.56,3751.65,1542.46,2714.80
9/11/2015,181,68,49,30,11,23,101.31,87.53,97.66,116.31,119.70,121.47,18336.97,5952.02,4785.32,3489.15,1316.73,2793.75
9/12/2015,184,70,49,30,12,23,85.76,65.42,88.10,111.44,75.48,114.56,15780.28,4579.23,4316.98,3343.31,905.78,2634.98
9/13/2015,173,69,44,29,11,20,82.39,63.92,81.91,111.92,71.82,110.12,14252.98,4410.74,3604.11,3245.73,789.98,2202.42
9/14/2015,183,69,49,30,12,23,78.53,59.12,80.73,105.96,75.52,97.89,14371.61,4079.54,3955.71,3178.74,906.24,2251.38
9/15/2015,183,69,51,30,10,23,76.96,57.09,78.95,102.28,70.72,101.81,14082.97,3939.06,4026.55,3068.46,707.17,2341.73
9/16/2015,173,69,48,29,8,19,81.92,66.52,77.93,105.08,82.14,112.52,14172.77,4589.76,3740.62,3047.44,657.15,2137.80
9/17/2015,184,71,48,30,12,23,80.80,66.40,74.87,103.11,87.51,105.05,14867.72,4714.55,3593.78,3093.21,1050.12,2416.06
9/18/2015,181,67,52,30,11,21,81.64,67.20,76.97,105.89,84.19,103.28,14776.66,4502.66,4002.33,3176.64,926.12,2168.91
9/19/2015,183,70,49,30,12,22,80.22,65.61,78.53,96.30,83.37,106.83,14680.21,4592.62,3847.97,2888.91,1000.44,2350.27
9/20/2015,179,70,49,30,12,18,78.40,64.66,80.17,94.62,83.37,96.66,14033.52,4526.15,3928.39,2838.74,1000.44,1739.80
9/21/2015,183,70,49,29,12,23,81.51,69.25,80.09,96.56,89.82,98.52,14915.51,4847.29,3924.22,2800.31,1077.84,2265.85
9/22/2015,183,70,49,30,12,22,82.22,70.49,79.73,97.59,89.82,100.02,15046.75,4934.01,3906.95,2927.62,1077.84,2200.33
9/23/2015,180,68,48,29,12,23,81.08,69.01,79.05,91.50,91.28,102.55,14594.55,4692.58,3794.18,2653.64,1095.39,2358.76
9/24/2015,182,70,48,30,12,22,76.32,65.88,78.51,87.71,61.55,97.28,13890.33,4611.85,3768.35,2631.33,738.62,2140.18
9/25/2015,174,62,48,30,12,22,75.76,61.91,76.14,90.94,61.55,101.01,13182.19,3838.51,3654.69,2728.22,738.62,2222.15
9/26/2015,183,70,47,30,12,24,73.38,60.16,73.30,92.60,57.32,96.12,13429.03,4211.12,3445.09,2778.12,687.88,2306.82
9/27/2015,183,70,48,30,12,23,71.62,58.42,71.48,88.99,58.57,96.26,13106.96,4089.47,3430.82,2669.84,702.78,2214.05
9/28/2015,180,70,49,30,12,19,69.87,57.73,67.25,88.45,59.07,98.78,12575.85,4041.31,3295.41,2653.45,708.78,1876.90
9/29/2015,183,70,51,29,11,22,67.71,56.29,66.69,87.91,57.16,85.08,12391.31,3940.02,3401.30,2549.53,628.78,1871.68
9/30/2015,184,70,49,29,12,24,66.35,53.74,64.54,86.15,70.36,80.89,12207.90,3761.60,3162.23,2498.34,844.26,1941.47
10/1/2015,182,69,48,30,12,23,67.21,54.70,66.81,82.67,74.11,81.82,12232.45,3774.08,3206.94,2480.19,889.30,1881.94
10/2/2015,183,69,49,30,12,23,65.79,53.43,65.95,81.52,74.11,77.64,12038.69,3686.71,3231.48,2445.47,889.30,1785.73
10/3/2015,178,68,50,31,6,23,65.67,54.07,65.24,79.80,67.23,81.43,11688.79,3676.74,3262.11,2473.75,403.37,1872.82
10/4/2015,175,68,49,31,8,19,63.96,54.99,63.25,76.15,60.42,79.43,11192.39,3739.59,3099.49,2360.77,483.32,1509.22
10/5/2015,179,68,47,30,12,22,64.01,57.15,64.61,73.09,54.10,76.97,11458.44,3886.19,3036.86,2192.84,649.20,1693.35
10/6/2015,184,70,49,30,12,23,63.83,56.87,62.44,75.02,52.40,79.35,11744.61,3980.60,3059.43,2250.62,628.80,1825.16
10/7/2015,181,70,49,28,12,22,62.94,58.02,63.56,73.19,50.64,70.88,11391.63,4061.05,3114.29,2049.30,607.73,1559.26
10/8/2015,181,68,49,29,11,24,62.06,57.04,63.30,71.50,55.25,65.45,11232.09,3878.39,3101.65,2073.63,607.73,1570.69
10/9/2015,166,69,46,28,6,17,62.96,57.93,62.17,70.92,54.77,75.33,10451.81,3997.40,2859.60,1985.64,328.60,1280.57
10/10/2015,182,69,48,29,12,24,65.56,58.02,67.84,69.24,70.05,76.01,11932.72,4003.69,3256.33,2007.88,840.60,1824.22
10/11/2015,166,57,48,28,9,24,67.40,56.87,68.35,75.97,74.84,77.71,11188.23,3241.69,3280.65,2127.22,673.60,1865.07
10/12/2015,152,66,45,29,1,11,61.79,52.97,64.81,72.84,74.28,72.17,9392.61,3495.75,2916.48,2112.25,74.28,793.85
10/13/2015,128,56,39,19,1,13,61.54,54.09,66.55,68.77,74.28,67.01,7876.52,3029.10,2595.29,1306.71,74.28,871.14
10/14/2015,131,55,37,21,3,15,59.00,51.86,64.45,68.34,43.29,61.80,7729.16,2852.53,2384.50,1435.22,129.88,927.03
10/15/2015,177,69,46,30,12,20,54.29,49.27,57.66,55.48,55.87,61.11,9609.20,3399.63,2652.45,1664.45,670.45,1222.22
10/16/2015,176,67,46,30,12,21,52.87,45.07,56.40,57.66,55.87,61.47,9305.17,3019.94,2594.34,1729.65,670.45,1290.79
10/17/2015,177,66,47,31,12,21,53.47,45.04,58.61,58.10,55.87,60.26,9464.24,2972.37,2754.84,1801.04,670.45,1265.54
10/18/2015,179,66,51,29,12,21,54.06,44.25,58.59,61.55,54.83,63.07,9676.14,2920.66,2988.00,1785.01,658.00,1324.47
10/19/2015,151,65,39,24,7,16,57.71,56.20,56.27,61.57,51.98,64.10,8714.69,3653.16,2194.47,1477.61,363.88,1025.57
10/20/2015,157,67,42,24,5,19,58.92,55.72,58.00,62.54,60.52,67.28,9251.02,3732.99,2436.10,1500.94,302.58,1278.41
10/21/2015,172,69,48,27,11,17,61.40,57.11,62.74,60.95,67.92,71.50,10560.79,3940.77,3011.70,1645.59,747.15,1215.58
10/22/2015,181,69,49,31,12,20,60.55,56.20,61.06,62.52,63.25,69.64,10959.89,3877.94,2991.97,1938.19,759.01,1392.78
10/23/2015,177,70,49,30,11,17,59.69,55.96,60.37,64.78,51.73,69.23,10564.72,3917.31,2958.12,1943.30,569.01,1176.98
10/24/2015,159,52,44,30,11,22,59.43,50.31,60.05,65.61,51.73,75.17,9449.33,2616.02,2642.28,1968.23,569.01,1653.79
10/25/2015,124,45,33,23,9,14,58.31,48.86,60.00,61.97,50.70,83.54,7229.95,2198.76,1979.89,1425.38,456.31,1169.61
10/26/2015,106,49,25,12,4,16,56.79,45.53,62.28,67.33,51.98,75.99,6019.54,2230.99,1556.89,807.92,207.93,1215.81
10/27/2015,115,55,28,11,4,17,56.26,47.70,58.39,60.70,51.98,78.62,6470.47,2623.51,1634.91,667.65,207.93,1336.47
10/28/2015,102,52,26,7,2,15,56.26,49.49,56.87,51.93,59.47,80.30,5738.93,2573.33,1478.67,363.53,118.93,1204.47
10/29/2015,89,49,20,6,1,13,54.58,45.82,55.94,61.98,75.00,80.50,4857.57,2245.40,1118.75,371.88,75.00,1046.54
10/30/2015,100,52,20,13,1,14,53.20,45.50,55.86,55.73,75.00,74.07,5319.86,2366.19,1117.25,724.48,75.00,1036.94
10/31/2015,119,65,25,17,2,10,47.99,43.29,50.02,47.71,73.50,68.78,5710.43,2813.89,1250.62,811.12,147.00,687.80
11/1/2015,73,32,21,9,2,9,51.90,47.28,49.45,54.50,73.50,66.66,3788.78,1512.88,1038.42,490.52,147.00,599.96
11/2/2015,78,29,29,11,0,9,48.82,47.98,44.66,52.62,#DIV/0!,60.33,3808.28,1391.33,1295.14,578.85,0.00,542.96
11/3/2015,113,55,38,9,1,10,45.39,44.97,44.72,54.29,41.40,42.60,5128.63,2473.33,1699.34,488.60,41.40,425.96
11/4/2015,108,52,38,8,1,9,43.81,43.45,42.62,55.33,41.40,40.88,4730.99,2259.51,1619.52,442.60,41.40,367.96
11/5/2015,109,50,33,15,1,10,45.31,42.87,43.36,61.19,41.40,40.56,4939.17,2143.45,1430.84,917.92,41.40,405.56
11/6/2015,116,52,34,18,3,9,47.02,42.79,45.19,59.77,70.57,45.06,5454.67,2225.16,1536.33,1075.92,211.70,405.56
11/7/2015,143,63,42,25,2,11,48.19,40.25,50.43,60.65,56.65,55.17,6890.47,2535.91,2118.11,1516.29,113.30,606.86
11/8/2015,143,63,43,25,0,12,48.48,39.46,52.26,60.75,#DIV/0!,56.74,6932.78,2486.01,2247.22,1518.69,0.00,680.86
11/9/2015,149,65,42,28,1,13,49.16,40.18,55.45,56.72,48.00,57.46,7324.23,2611.94,2329.02,1588.25,48.00,747.02
11/10/2015,155,64,46,27,3,15,49.67,40.26,53.72,57.12,56.00,62.72,7699.01,2576.94,2470.96,1542.25,168.00,940.86
11/11/2015,164,66,49,28,8,13,49.06,40.36,54.63,54.86,49.09,59.76,8045.97,2663.53,2676.73,1536.15,392.70,776.86
11/12/2015,179,68,49,30,12,20,48.59,40.35,55.75,53.13,45.39,54.15,8696.83,2743.53,2731.61,1593.93,544.70,1083.06
11/13/2015,179,67,49,30,12,21,50.71,39.80,57.19,56.01,45.39,65.89,9077.12,2666.30,2802.13,1680.33,544.70,1383.66
11/14/2015,166,67,46,29,8,16,50.33,39.97,56.84,56.44,45.59,66.30,8354.97,2678.30,2614.56,1636.66,364.70,1060.75
11/15/2015,54,23,14,8,0,9,47.95,38.95,55.66,58.31,#DIV/0!,49.75,2589.42,895.90,779.23,466.50,0.00,447.79
11/16/2015,73,30,20,13,0,10,42.35,33.04,46.43,56.47,#DIV/0!,43.78,3091.61,991.13,928.55,734.14,0.00,437.79
11/17/2015,76,31,28,11,0,6,43.74,37.03,45.39,61.07,#DIV/0!,39.00,3324.37,1147.84,1270.81,671.73,0.00,233.99
11/18/2015,122,64,44,11,0,3,49.06,52.47,42.28,57.39,#DIV/0!,45.33,5985.50,3357.76,1860.41,631.33,0.00,136.00
11/19/2015,113,59,37,12,1,4,51.08,52.66,42.94,63.76,47.12,66.00,5772.06,3107.17,1588.64,765.13,47.12,264.00
11/20/2015,138,66,41,13,12,6,53.87,54.30,47.41,55.06,60.84,76.67,7433.64,3583.82,1943.94,715.76,730.12,460.00
11/21/2015,179,69,47,29,12,22,49.83,52.95,42.22,47.91,59.58,53.50,8919.41,3653.56,1984.44,1389.36,715.00,1177.05
11/22/2015,94,57,21,10,3,3,53.96,55.40,48.84,52.20,57.00,65.33,5072.56,3157.97,1025.55,522.04,171.00,196.00
11/23/2015,92,54,26,10,0,2,51.50,54.69,44.15,53.84,#DIV/0!,49.00,4737.68,2953.46,1147.85,538.37,0.00,98.00
11/24/2015,72,29,30,10,0,3,43.38,39.05,43.98,47.45,#DIV/0!,65.67,3123.49,1132.46,1319.52,474.51,0.00,197.00
11/25/2015,71,27,30,12,0,2,41.91,35.95,43.95,46.14,#DIV/0!,66.50,2975.94,970.71,1318.60,553.63,0.00,133.00
11/26/2015,64,24,30,9,0,1,42.68,36.34,46.43,47.97,#DIV/0!,35.00,2731.77,872.21,1392.85,431.71,0.00,35.00
11/27/2015,85,38,37,6,1,3,44.21,38.72,48.53,49.22,0.00,65.33,3757.98,1471.18,1795.51,295.29,0.00,196.00
11/28/2015,96,38,41,8,3,6,47.15,37.07,49.07,59.06,49.10,81.00,4526.04,1408.54,2011.71,472.49,147.30,486.00
11/29/2015,35,11,12,7,1,4,51.19,38.13,52.06,59.21,39.15,73.50,1791.75,419.40,624.71,414.49,39.15,294.00
11/30/2015,56,28,22,6,0,0,43.88,36.20,46.59,69.83,#DIV/0!,#DIV/0!,2457.49,1013.60,1024.91,418.98,0.00,0.00
12/1/2015,69,33,25,10,0,1,42.12,35.85,40.81,61.80,#DIV/0!,85.00,2906.34,1183.16,1020.20,617.98,0.00,85.00
12/2/2015,80,35,29,13,0,3,42.01,35.25,37.19,63.69,#DIV/0!,73.67,3361.15,1233.67,1078.50,827.98,0.00,221.00
12/3/2015,85,34,34,15,0,2,41.91,36.46,38.23,56.71,#DIV/0!,86.27,3562.61,1239.67,1299.83,850.58,0.00,172.53
12/4/2015,51,11,28,11,0,1,46.63,39.40,46.41,50.72,#DIV/0!,87.53,2378.18,433.41,1299.36,557.88,0.00,87.53
12/5/2015,154,66,49,17,10,12,57.80,57.24,49.45,50.70,78.86,87.55,8901.72,3777.71,2422.81,861.94,788.63,1050.63
12/6/2015,154,65,47,21,10,11,59.46,57.62,52.40,54.37,78.86,92.60,9156.90,3745.31,2462.66,1141.67,788.63,1018.63
12/7/2015,131,54,43,17,9,8,58.42,55.59,53.69,51.73,78.03,95.14,7653.11,3001.71,2308.60,879.48,702.23,761.09
12/8/2015,36,10,17,7,0,2,47.30,39.19,41.97,62.61,#DIV/0!,79.61,1702.83,391.91,713.44,438.26,0.00,159.22
12/9/2015,58,24,26,7,0,1,41.46,34.66,40.24,62.75,#DIV/0!,87.53,2404.94,831.95,1046.20,439.26,0.00,87.53
12/10/2015,46,21,16,9,0,0,38.65,32.32,39.57,51.81,#DIV/0!,#DIV/0!,1778.10,678.69,633.10,466.31,0.00,0.00
12/11/2015,43,15,20,8,0,0,40.26,31.58,40.15,56.80,#DIV/0!,#DIV/0!,1731.05,473.64,803.00,454.41,0.00,0.00
12/12/2015,57,18,30,8,0,1,46.51,30.41,48.21,62.94,#DIV/0!,154.00,2651.29,547.44,1446.30,503.55,0.00,154.00
12/13/2015,29,10,11,7,0,1,41.92,32.71,46.26,50.65,#DIV/0!,25.00,1215.57,327.12,508.90,354.55,0.00,25.00
12/14/2015,43,16,17,7,0,3,37.88,31.47,39.05,56.16,#DIV/0!,22.75,1628.68,503.44,663.88,393.10,0.00,68.26
12/15/2015,49,16,21,10,0,2,41.28,34.35,40.64,55.14,#DIV/0!,34.13,2022.62,549.57,853.36,551.43,0.00,68.26
12/16/2015,52,18,24,5,1,4,41.03,37.41,39.39,58.19,79.50,36.07,2133.46,673.37,945.40,290.93,79.50,144.26
12/17/2015,52,16,22,11,1,2,42.58,35.50,42.68,47.96,79.50,50.13,2214.26,568.07,938.90,527.53,79.50,100.26
12/18/2015,47,11,21,11,1,3,46.31,37.24,45.21,53.69,79.50,49.09,2176.43,409.68,949.36,590.63,79.50,147.26
12/19/2015,59,8,30,14,1,6,50.88,34.55,49.10,56.39,79.50,63.95,3001.91,276.40,1472.89,789.43,79.50,383.69
12/20/2015,48,6,24,12,1,5,48.76,37.15,43.03,56.70,79.50,65.03,2340.67,222.87,1032.69,680.45,79.50,325.16
12/21/2015,60,9,33,14,1,3,49.39,42.08,45.27,57.56,79.50,68.50,2963.58,378.73,1494.06,805.79,79.50,205.50
12/22/2015,83,26,38,16,0,3,52.73,46.55,52.91,58.93,#DIV/0!,71.02,4376.86,1210.34,2010.50,942.95,0.00,213.07
12/23/2015,96,28,39,22,0,7,60.87,48.08,58.66,66.38,#DIV/0!,107.02,5843.72,1346.22,2287.91,1460.44,0.00,749.15
12/24/2015,129,39,49,24,4,13,61.37,49.26,57.24,68.44,77.65,95.21,7916.57,1921.05,2804.67,1642.57,310.60,1237.68
12/25/2015,137,46,49,25,6,11,58.64,45.87,57.02,68.30,56.10,98.65,8033.27,2110.10,2793.82,1707.57,336.60,1085.18
12/26/2015,143,49,49,27,5,13,59.05,47.01,55.32,67.40,56.07,102.30,8444.06,2303.28,2710.84,1819.68,280.35,1329.91
12/27/2015,131,49,45,22,2,13,58.69,45.60,56.02,65.80,75.00,102.68,7687.88,2234.31,2521.08,1447.68,150.00,1334.81
12/28/2015,123,44,42,18,3,16,61.91,47.59,56.13,72.70,72.67,102.34,7615.33,2093.90,2357.41,1308.65,218.00,1637.37
12/29/2015,90,22,31,20,2,15,74.55,56.10,68.74,88.80,75.00,94.55,6709.30,1234.17,2130.83,1776.06,150.00,1418.24
12/30/2015,168,67,41,28,12,20,125.40,125.00,131.29,128.47,139.34,102.02,21067.51,8375.24,5382.78,3597.04,1672.12,2040.33
12/31/2015,179,68,46,30,12,23,134.14,125.74,148.97,130.33,139.34,131.57,24011.41,8550.55,6852.62,3909.99,1672.12,3026.13
1/1/2016,172,68,46,27,12,19,131.72,125.70,142.47,132.91,139.34,120.72,22655.74,8547.82,6553.71,3588.46,1672.12,2293.63
1/2/2016,148,56,37,29,10,16,93.32,87.41,100.77,86.11,128.43,87.92,13811.73,4895.21,3728.49,2497.09,1284.25,1406.69
1/3/2016,69,16,19,22,2,10,59.71,44.06,51.62,71.52,19.58,82.19,4120.23,704.94,980.75,1573.54,39.15,821.85
1/4/2016,81,29,22,23,2,5,56.66,55.18,43.59,69.66,19.58,77.74,4589.16,1600.24,958.95,1602.14,39.15,388.68
1/5/2016,73,27,24,17,1,4,52.08,54.37,40.90,58.26,39.15,80.62,3801.65,1467.92,981.70,990.40,39.15,322.48
1/6/2016,72,28,23,16,1,4,52.71,57.25,40.82,54.78,39.15,84.41,3795.37,1603.12,938.90,876.55,39.15,337.65
1/7/2016,71,22,28,14,2,5,52.04,56.27,41.75,56.59,60.08,75.13,3695.01,1238.01,1169.00,792.20,120.15,375.65
1/8/2016,54,12,21,16,1,4,50.92,38.95,45.16,57.23,81.00,84.41,2749.93,467.38,948.30,915.60,81.00,337.65
1/9/2016,65,15,30,16,0,4,47.73,39.56,44.94,57.00,#DIV/0!,62.19,3102.39,593.47,1348.11,912.04,0.00,248.77
1/10/2016,56,19,21,14,0,2,45.36,40.98,40.40,58.89,#DIV/0!,44.13,2539.91,778.65,848.49,824.52,0.00,88.25
1/11/2016,64,34,18,8,0,4,42.73,38.11,41.84,56.01,#DIV/0!,59.50,2734.88,1295.61,753.18,448.09,0.00,238.00
1/12/2016,75,35,25,11,0,4,43.73,37.56,45.18,53.10,#DIV/0!,63.00,3280.05,1314.53,1129.43,584.09,0.00,252.00
1/13/2016,65,23,31,7,0,4,42.23,38.97,40.04,55.96,#DIV/0!,54.00,2745.24,896.42,1241.13,391.69,0.00,216.00
1/14/2016,78,22,36,11,0,9,42.31,36.16,40.66,47.82,#DIV/0!,57.26,3300.50,795.42,1463.73,526.02,0.00,515.33
1/15/2016,72,25,27,11,0,9,48.43,42.46,46.64,57.55,#DIV/0!,59.28,3487.31,1061.57,1259.19,633.02,0.00,533.53
1/16/2016,75,25,28,11,0,11,48.86,41.42,46.79,55.57,#DIV/0!,64.32,3664.62,1035.61,1310.23,611.25,0.00,707.53
1/17/2016,42,17,16,4,0,5,44.74,33.51,51.09,45.75,#DIV/0!,61.80,1879.13,569.73,817.40,183.00,0.00,309.00
1/18/2016,59,22,30,4,0,3,40.71,31.28,44.28,38.00,#DIV/0!,77.67,2401.63,688.23,1328.40,152.00,0.00,233.00
1/19/2016,68,21,31,10,0,6,40.87,31.39,42.99,49.14,#DIV/0!,49.33,2779.38,659.23,1332.75,491.40,0.00,296.00
1/20/2016,70,16,39,10,1,4,37.99,30.59,38.36,42.94,67.50,44.25,2659.24,489.44,1495.95,429.35,67.50,177.00
1/21/2016,56,17,22,12,0,5,40.53,31.63,39.14,49.55,#DIV/0!,55.22,2269.43,537.68,861.10,594.55,0.00,276.10
1/22/2016,55,12,26,11,1,5,45.05,35.60,44.34,48.48,57.00,61.42,2477.51,427.18,1152.90,533.33,57.00,307.10
1/23/2016,71,18,33,11,0,9,47.18,38.35,45.26,51.27,#DIV/0!,66.90,3349.83,690.33,1493.47,563.93,0.00,602.10
1/24/2016,33,6,13,9,0,5,44.41,34.14,42.81,44.13,#DIV/0!,61.42,1465.67,204.85,556.57,397.15,0.00,307.10
1/25/2016,36,6,18,8,1,3,44.33,39.21,40.31,46.63,75.00,62.33,1595.88,235.25,725.57,373.06,75.00,187.00
1/26/2016,61,8,36,9,2,6,40.10,30.15,37.17,46.30,50.00,58.33,2446.11,241.21,1338.24,416.66,100.00,350.00
1/27/2016,50,6,30,8,0,6,41.11,28.87,39.78,43.35,#DIV/0!,56.96,2055.33,173.21,1193.52,346.82,0.00,341.78
1/28/2016,64,10,33,8,1,12,45.45,32.68,41.17,50.13,56.00,63.90,2909.06,326.81,1358.45,401.02,56.00,766.78
1/29/2016,60,13,21,12,1,13,50.70,33.05,43.01,58.53,56.00,73.15,3042.20,429.71,903.25,702.35,56.00,950.89
1/30/2016,63,14,23,14,1,11,50.72,34.84,46.03,57.59,56.00,71.51,3195.17,487.71,1058.58,806.25,56.00,786.63
1/31/2016,38,14,14,5,1,4,45.16,37.31,46.64,51.55,40.50,60.60,1715.92,522.32,652.95,257.74,40.50,242.41
2/1/2016,54,19,26,6,1,2,41.67,40.80,38.81,50.89,60.00,50.20,2249.99,775.29,1008.95,305.34,60.00,100.41
2/2/2016,73,19,37,11,0,6,41.21,38.88,36.66,55.10,#DIV/0!,51.11,3008.05,738.79,1356.45,606.14,0.00,306.67
2/3/2016,75,20,39,10,0,6,39.86,36.74,37.40,52.91,#DIV/0!,44.50,2989.50,734.79,1458.55,529.14,0.00,267.02
2/4/2016,90,30,39,16,0,5,41.52,41.66,35.47,54.54,#DIV/0!,46.30,3737.05,1249.66,1383.22,872.65,0.00,231.52
2/5/2016,97,37,32,17,2,9,49.43,43.59,46.41,56.73,57.44,68.61,4794.83,1613.01,1485.09,964.33,114.88,617.52
2/6/2016,161,57,49,31,6,18,54.42,46.15,54.34,58.34,60.15,72.14,8761.37,2630.69,2662.86,1808.50,360.88,1298.44
2/7/2016,144,59,44,23,5,13,56.31,48.14,55.71,63.24,67.78,78.72,8108.13,2840.28,2451.09,1454.50,338.88,1023.38
2/8/2016,139,52,46,25,3,13,56.45,48.18,54.43,62.96,63.39,82.56,7846.82,2505.58,2503.92,1573.88,190.18,1073.26
2/9/2016,93,41,22,19,1,10,48.78,40.54,41.43,63.24,41.18,72.06,4536.95,1662.20,911.40,1201.58,41.18,720.59
2/10/2016,91,34,30,21,1,5,46.71,40.01,42.14,60.69,96.25,51.08,4250.47,1360.31,1264.05,1274.48,96.25,255.38
2/11/2016,81,19,31,22,1,8,50.01,39.10,45.06,59.40,96.25,63.49,4050.65,742.95,1396.85,1306.72,96.25,507.88
2/12/2016,129,42,44,26,5,12,58.37,53.13,52.09,64.11,92.00,73.29,7529.57,2231.27,2291.98,1666.82,460.00,879.50
2/13/2016,170,67,49,29,7,18,60.74,53.56,55.16,69.05,82.36,80.90,10326.51,3588.68,2702.75,2002.34,576.50,1456.24
2/14/2016,94,24,30,24,5,11,59.24,47.00,54.59,67.87,73.50,73.33,5568.82,1128.00,1637.82,1628.88,367.50,806.62
2/15/2016,81,18,31,20,4,8,50.10,38.42,41.71,60.44,68.95,73.60,4058.07,691.54,1293.05,1208.87,275.81,588.80
2/16/2016,99,29,35,23,4,8,48.31,39.96,39.85,61.52,56.39,73.60,4782.62,1158.74,1394.64,1414.88,225.56,588.80
2/17/2016,112,35,40,24,4,9,49.93,41.32,42.79,60.50,56.39,84.02,5591.65,1446.24,1711.77,1451.88,225.56,756.20
2/18/2016,97,27,39,19,3,9,51.33,39.64,46.80,61.67,52.52,83.81,4979.16,1070.34,1825.30,1171.69,157.56,754.27
2/19/2016,81,21,29,18,3,10,51.22,38.51,46.50,59.51,59.70,74.12,4148.81,808.77,1348.60,1071.09,179.10,741.25
2/20/2016,86,14,40,20,2,10,53.46,40.92,51.37,58.65,58.80,67.94,4597.80,572.83,2054.92,1173.07,117.60,679.38
2/21/2016,54,14,18,18,0,4,50.18,37.94,49.49,55.68,#DIV/0!,71.41,2709.85,531.19,890.80,1002.21,0.00,285.65
2/22/2016,87,26,33,21,1,6,46.72,35.00,46.46,59.46,87.00,47.61,4064.48,909.92,1533.20,1248.71,87.00,285.65
2/23/2016,93,30,37,21,1,4,45.58,36.08,44.92,55.20,87.00,62.08,4238.72,1082.32,1661.88,1159.21,87.00,248.31
2/24/2016,92,29,33,22,2,6,44.55,33.29,41.81,56.19,66.75,63.93,4098.32,965.33,1379.73,1236.20,133.50,383.56
2/25/2016,100,33,39,20,2,6,47.78,36.73,45.77,63.04,66.75,64.43,4777.86,1212.14,1784.88,1260.74,133.50,386.60
2/26/2016,121,48,42,23,2,6,51.20,40.99,51.10,64.92,67.25,75.53,6194.71,1967.57,2146.25,1493.22,134.50,453.17
2/27/2016,181,69,48,30,12,22,55.78,46.07,53.88,62.46,69.71,73.71,10096.48,3178.49,2586.23,1873.66,836.50,1621.60
2/28/2016,166,66,45,30,11,14,53.70,46.74,48.92,62.29,71.82,69.21,8913.58,3084.78,2201.29,1868.56,790.00,968.95
2/29/2016,87,31,29,16,1,10,47.61,33.37,45.62,61.69,99.00,69.85,4142.10,1034.47,1323.01,987.07,99.00,698.55
3/1/2016,112,34,40,25,0,13,48.20,35.16,45.40,61.35,#DIV/0!,65.65,5398.80,1195.47,1816.03,1533.82,0.00,853.48
3/2/2016,123,35,45,26,0,17,48.62,35.22,45.39,60.64,#DIV/0!,66.38,5980.54,1232.60,2042.74,1576.72,0.00,1128.48
3/3/2016,101,24,37,24,0,16,48.48,35.06,43.52,59.15,#DIV/0!,64.06,4896.19,841.39,1610.31,1419.51,0.00,1024.98
3/4/2016,120,35,45,25,1,14,49.90,42.36,45.79,59.50,69.00,63.43,5987.48,1482.43,2060.64,1487.43,69.00,887.98
3/5/2016,132,38,48,28,2,16,51.75,42.08,47.85,62.06,72.00,65.84,6830.90,1598.85,2296.93,1737.63,144.00,1053.49
3/6/2016,77,27,22,20,0,8,47.60,43.19,37.28,59.10,#DIV/0!,62.12,3665.26,1166.21,820.14,1181.96,0.00,496.95
3/7/2016,118,53,36,20,0,9,47.12,48.67,35.99,57.69,#DIV/0!,59.03,5560.42,2579.46,1295.79,1153.86,0.00,531.31
3/8/2016,139,63,44,23,0,9,45.01,46.48,37.68,58.84,#DIV/0!,35.19,6256.41,2928.36,1657.92,1353.42,0.00,316.71
3/9/2016,148,61,48,20,11,8,53.51,48.78,47.08,58.74,86.55,69.70,7919.99,2975.80,2259.64,1174.89,952.05,557.61
3/10/2016,146,57,43,26,11,9,55.71,50.55,51.70,58.40,86.55,62.11,8134.00,2881.49,2223.08,1518.35,952.05,559.03
3/11/2016,169,67,47,30,12,13,53.72,46.04,49.18,60.01,83.34,67.81,9078.43,3084.99,2311.60,1800.21,1000.05,881.58
3/12/2016,154,57,45,29,7,16,51.84,49.83,45.73,63.09,31.69,64.65,7983.73,2840.14,2057.75,1829.52,221.85,1034.47
3/13/2016,88,26,23,23,2,14,52.67,43.07,45.18,62.41,17.05,71.91,4635.26,1119.70,1039.24,1435.46,34.10,1006.76
3/14/2016,118,45,32,25,2,14,51.13,41.61,44.04,63.05,17.05,81.47,6032.94,1872.60,1409.32,1576.37,34.10,1140.55
3/15/2016,136,59,40,22,1,14,49.10,40.30,45.86,60.71,26.10,78.81,6677.26,2377.73,1834.36,1335.72,26.10,1103.35
3/16/2016,141,56,48,21,5,11,46.04,41.25,41.57,58.15,25.50,76.14,6491.47,2309.96,1995.33,1221.09,127.50,837.59
3/17/2016,156,61,46,30,7,12,44.22,39.77,38.49,56.28,25.24,69.69,6897.89,2426.19,1770.51,1688.29,176.68,836.22
3/18/2016,140,51,38,27,11,13,50.00,43.59,47.51,61.70,33.53,72.06,6999.60,2222.92,1805.23,1665.80,368.88,936.77
3/19/2016,174,64,49,30,12,19,52.94,43.11,50.98,62.01,38.13,86.18,9212.36,2759.07,2498.22,1860.19,457.53,1637.35
3/20/2016,153,50,47,28,12,16,55.23,48.83,52.81,61.51,39.08,83.49,8450.55,2441.58,2481.87,1722.32,468.93,1335.85
3/21/2016,177,69,49,30,8,21,56.79,47.00,54.59,63.17,61.07,83.33,10051.67,3243.28,2674.92,1894.97,488.55,1749.95
3/22/2016,178,69,48,30,10,21,58.68,48.76,56.06,67.19,52.16,88.22,10445.75,3364.71,2691.08,2015.69,521.55,1852.72
3/23/2016,154,54,44,26,9,21,64.63,51.55,65.23,74.41,44.35,93.56,9952.55,2783.79,2870.23,1934.70,399.11,1964.72
3/24/2016,176,67,47,29,10,23,78.51,72.23,76.35,80.80,85.00,95.52,13818.07,4839.64,3588.34,2343.15,849.97,2196.97
3/25/2016,187,68,50,31,12,26,80.53,72.17,79.49,79.12,89.08,102.14,15059.09,4907.30,3974.45,2452.86,1068.97,2655.51
3/26/2016,179,67,47,29,12,24,81.19,73.04,79.33,83.62,89.08,100.72,14532.94,4893.47,3728.30,2424.93,1068.97,2417.27
3/27/2016,107,30,33,27,3,14,69.07,53.25,68.74,73.86,82.99,91.52,7390.34,1597.53,2268.40,1994.14,248.97,1281.30
3/28/2016,105,27,43,20,4,11,64.33,47.45,60.45,75.34,76.25,96.58,6754.86,1281.06,2599.56,1506.88,305.01,1062.35
3/29/2016,115,36,48,16,4,11,60.13,46.86,56.40,71.43,83.37,94.91,6914.42,1687.01,2706.98,1142.93,333.48,1044.02
3/30/2016,130,40,46,21,7,16,61.11,52.04,53.83,68.13,83.43,85.74,7944.21,2081.74,2475.99,1430.63,583.98,1371.87
3/31/2016,166,69,43,29,12,13,66.11,62.92,59.51,68.01,82.04,85.85,10973.53,4341.64,2559.00,1972.31,984.51,1116.07
4/1/2016,160,70,45,21,12,12,67.56,63.09,59.54,76.17,82.04,94.17,10809.89,4416.44,2679.35,1599.53,984.51,1130.06
4/2/2016,163,70,47,22,12,12,67.59,62.51,61.45,70.53,82.04,101.48,11017.27,4375.44,2887.94,1551.62,984.51,1217.76
4/3/2016,132,55,41,17,8,11,68.73,61.94,65.51,71.53,87.13,97.01,9072.73,3406.61,2686.10,1215.95,697.01,1067.06
4/4/2016,136,66,38,17,1,14,68.26,62.98,65.04,71.40,79.05,97.36,9283.84,4156.52,2471.43,1213.78,79.05,1363.06
4/5/2016,148,62,44,21,5,16,68.66,63.51,63.33,73.58,54.48,101.26,10161.97,3937.47,2786.73,1545.25,272.41,1620.11
4/6/2016,120,31,48,20,6,15,66.33,53.40,61.97,69.34,62.07,104.71,7959.71,1655.47,2974.37,1386.85,372.41,1570.61
4/7/2016,155,62,46,22,6,19,66.76,57.03,63.67,75.98,60.74,97.26,10348.56,3535.84,2928.68,1671.63,364.41,1848.00
4/8/2016,155,64,41,24,12,14,66.20,56.11,68.75,72.69,61.11,98.08,10261.01,3591.29,2818.55,1744.67,733.36,1373.14
4/9/2016,166,68,43,28,12,15,62.06,53.14,60.57,76.93,57.22,82.86,10301.78,3613.81,2604.48,2153.96,686.63,1242.90
4/10/2016,143,50,42,24,12,15,62.17,47.02,63.26,79.54,57.41,85.62,8890.24,2351.13,2656.92,1909.03,688.88,1284.28
4/11/2016,162,70,45,24,12,11,59.95,50.03,62.53,77.54,57.41,76.99,9712.48,3502.13,2813.68,1860.93,688.88,846.86
4/12/2016,164,70,47,25,11,11,59.67,49.23,63.52,73.75,60.39,76.94,9785.87,3446.28,2985.23,1843.70,664.30,846.36
4/13/2016,178,70,48,29,12,19,61.04,50.61,63.54,71.89,62.86,75.43,10865.06,3542.78,3049.91,2084.90,754.30,1433.17
4/14/2016,174,70,48,30,11,15,62.38,51.75,62.41,76.84,58.99,85.47,10854.35,3622.48,2995.67,2305.29,648.88,1282.03
4/15/2016,152,58,46,29,9,10,63.48,52.24,63.11,78.86,56.96,91.54,9648.33,3029.93,2903.25,2287.04,512.68,915.43
4/16/2016,157,61,45,30,11,10,66.57,60.99,63.32,77.17,69.34,80.29,10450.78,3720.41,2849.60,2315.13,762.71,802.93
4/17/2016,122,51,28,23,9,11,67.19,62.56,63.62,77.02,74.27,71.42,8197.57,3190.77,1781.27,1771.47,668.46,785.60
4/18/2016,159,68,46,21,10,14,65.81,60.87,65.98,77.35,77.25,63.73,10463.26,4139.19,3035.14,1624.30,772.46,892.17
4/19/2016,183,68,47,32,12,24,65.75,59.52,66.94,72.40,71.93,69.09,12031.98,4047.62,3146.16,2316.85,863.18,1658.17
4/20/2016,151,52,47,30,10,12,64.19,54.69,65.75,73.55,54.21,84.13,9692.72,2844.12,3090.30,2206.60,542.08,1009.62
4/21/2016,135,47,43,24,9,12,65.28,54.83,69.02,74.58,52.04,84.14,8812.76,2577.13,2967.87,1789.82,468.32,1009.62
4/22/2016,170,66,48,27,12,17,72.66,66.13,73.95,79.84,52.04,97.52,12352.19,4364.44,3549.67,2155.76,624.48,1657.84
4/23/2016,183,67,49,30,12,25,74.98,64.78,73.74,84.18,52.04,104.69,13720.46,4340.35,3613.13,2525.30,624.48,2617.20
4/24/2016,183,68,49,30,11,25,73.97,64.69,70.43,83.51,67.49,97.56,13536.63,4398.74,3451.19,2505.26,742.38,2439.06
4/25/2016,135,52,40,24,4,15,67.45,53.89,69.36,82.58,48.78,90.11,9105.51,2802.25,2774.49,1981.96,195.12,1351.69
4/26/2016,133,45,44,24,5,15,66.33,50.89,65.57,82.92,54.78,92.15,8821.45,2290.23,2885.08,1989.97,273.90,1382.27
4/27/2016,160,62,45,27,10,16,68.40,59.89,66.19,86.38,51.96,87.50,10943.51,3713.21,2978.38,2332.37,519.59,1399.96
4/28/2016,148,58,37,26,8,19,71.08,60.20,68.62,88.56,50.40,93.85,10519.17,3491.31,2539.01,2302.50,403.19,1783.16
4/29/2016,149,62,30,26,10,21,72.25,60.16,74.98,87.73,59.74,90.83,10765.04,3729.75,2249.51,2280.92,597.43,1907.43
4/30/2016,176,66,46,30,12,22,75.43,58.35,80.21,83.78,72.33,107.02,13276.29,3851.19,3689.45,2513.27,867.93,2354.45
5/1/2016,176,67,48,29,12,20,73.36,58.18,74.36,84.48,70.91,107.16,12911.23,3898.19,3569.19,2449.79,850.87,2143.19
5/2/2016,180,66,47,31,12,24,70.43,61.58,63.75,84.67,51.76,98.78,12677.36,4064.54,2996.31,2624.62,621.13,2370.76
5/3/2016,177,66,48,29,12,22,68.74,61.25,61.84,79.46,51.76,101.40,12167.48,4042.74,2968.48,2304.23,621.13,2230.90
5/4/2016,163,56,46,28,11,22,67.86,53.64,62.36,83.90,50.39,103.86,11060.53,3003.72,2868.35,2349.23,554.33,2284.90
5/5/2016,174,66,48,28,12,20,63.92,51.32,60.00,77.85,53.49,101.70,11122.70,3387.31,2879.87,2179.79,641.83,2033.90
5/6/2016,160,56,49,29,10,16,64.32,52.80,58.96,78.72,57.60,99.19,10291.77,2956.82,2889.13,2282.78,576.03,1587.01
5/7/2016,169,69,48,24,10,18,65.29,57.64,60.37,81.58,57.48,90.34,11034.05,3977.26,2897.94,1957.83,574.83,1626.19
5/8/2016,176,66,49,30,10,21,63.61,58.99,59.88,74.95,56.63,73.97,11195.61,3893.11,2934.35,2248.47,566.33,1553.35
5/9/2016,178,69,49,30,10,20,64.37,58.84,61.54,76.19,60.29,74.70,11458.32,4060.16,3015.70,2285.63,602.88,1493.95
5/10/2016,166,64,48,30,11,13,66.04,59.18,60.87,81.01,62.62,87.24,10962.66,3787.53,2921.86,2430.34,688.78,1134.15
5/11/2016,172,68,49,29,11,15,66.19,61.89,62.16,74.94,59.34,86.97,11384.87,4208.53,3046.02,2173.13,652.71,1304.48
5/12/2016,178,64,47,29,11,27,64.06,57.77,63.71,75.84,50.85,72.31,11402.54,3697.16,2994.32,2199.42,559.31,1952.33
5/13/2016,177,61,47,31,11,27,65.51,59.18,64.34,77.18,48.62,75.34,11595.32,3610.02,3023.82,2392.57,534.78,2034.13
5/14/2016,179,66,47,30,12,24,68.22,57.70,67.42,80.76,51.65,91.33,12210.98,3807.96,3168.56,2422.85,619.78,2191.83
5/15/2016,157,55,47,27,11,17,73.15,67.18,72.48,81.29,62.03,88.62,11484.81,3694.64,3406.41,2194.91,682.35,1506.50
5/16/2016,162,59,45,28,12,18,72.69,63.45,69.19,84.73,68.19,95.98,11775.39,3743.76,3113.37,2372.38,818.33,1727.55
5/17/2016,179,68,48,29,12,22,69.53,59.42,67.41,81.33,67.31,91.08,12446.09,4040.52,3235.53,2358.56,807.73,2003.75
5/18/2016,165,58,48,29,8,22,68.95,52.34,67.61,83.08,47.19,104.97,11377.15,3035.95,3245.13,2409.24,377.53,2309.30
5/19/2016,182,69,47,28,12,26,69.95,53.54,70.00,79.65,55.78,109.48,12730.70,3694.57,3290.09,2230.16,669.33,2846.55
5/20/2016,170,67,43,26,10,24,71.20,54.15,71.06,79.08,62.24,114.25,12104.34,3628.19,3055.62,2056.07,622.38,2742.08
5/21/2016,176,67,48,29,10,22,71.69,53.99,68.96,83.70,58.74,121.62,12617.70,3617.27,3310.08,2427.42,587.38,2675.55
5/22/2016,171,69,46,29,8,19,69.11,54.43,67.46,82.62,53.55,112.35,11817.35,3755.34,3102.98,2395.94,428.38,2134.71
5/23/2016,176,69,48,29,12,18,67.35,53.49,67.17,81.35,60.28,103.15,11853.66,3690.49,3223.92,2359.23,723.31,1856.71
5/24/2016,178,66,48,29,12,23,66.76,55.48,66.95,76.43,61.08,89.53,11883.73,3661.64,3213.38,2216.54,732.98,2059.19
5/25/2016,182,69,48,30,12,23,67.97,57.81,65.25,77.82,63.31,93.71,12370.27,3988.59,3132.07,2334.52,759.68,2155.41
5/26/2016,177,68,47,30,12,20,71.47,61.82,67.20,81.88,67.23,101.27,12650.42,4203.54,3158.40,2456.34,806.73,2025.41
5/27/2016,166,65,48,24,12,17,70.78,61.20,66.60,80.90,69.25,106.02,11749.65,3977.85,3196.89,1941.56,830.95,1802.40
5/28/2016,178,67,48,30,12,21,72.58,62.32,69.24,80.07,69.25,104.14,12918.97,4175.31,3323.57,2402.17,830.95,2186.97
5/29/2016,161,53,46,30,11,21,73.64,63.16,71.56,83.70,66.36,94.05,11855.66,3347.54,3291.98,2511.14,729.95,1975.05
5/30/2016,143,57,42,17,11,16,79.03,67.86,74.34,92.42,74.56,119.98,11301.48,3868.18,3122.21,1571.21,820.15,1919.73
5/31/2016,169,70,48,25,12,14,80.14,68.99,74.56,95.88,76.11,130.40,13544.43,4829.32,3579.05,2397.05,913.37,1825.64
6/1/2016,179,70,48,29,12,20,84.38,72.27,79.76,95.75,80.01,123.97,15103.73,5058.95,3828.50,2776.77,960.13,2479.38
6/2/2016,180,69,49,29,12,21,87.60,75.88,83.28,92.91,77.83,134.40,15767.15,5235.78,4080.64,2694.41,933.90,2822.42
6/3/2016,173,63,49,29,11,21,90.75,76.05,84.44,96.33,77.16,148.95,15699.18,4791.03,4137.80,2793.58,848.75,3128.02
6/4/2016,181,69,49,29,12,22,89.19,77.95,82.54,94.45,81.93,136.27,16142.79,5378.37,4044.27,2739.08,983.15,2997.92
6/5/2016,172,68,49,29,12,14,87.62,78.24,80.98,97.23,90.92,133.78,15071.41,5319.98,3967.80,2819.63,1091.05,1872.95
6/6/2016,181,70,49,30,12,20,88.58,80.88,80.59,96.39,97.23,118.17,16032.29,5661.78,3948.70,2891.75,1166.70,2363.36
6/7/2016,183,69,49,30,12,23,91.37,85.96,81.49,94.03,97.23,122.15,16721.09,5931.10,3992.91,2821.02,1166.70,2809.36
6/8/2016,182,70,49,30,12,21,91.87,87.45,82.01,94.63,95.79,123.45,16720.92,6121.46,4018.71,2838.96,1149.43,2592.36
6/9/2016,182,69,51,31,12,19,92.77,90.64,80.22,97.13,107.00,118.07,16883.63,6254.12,4091.11,3011.09,1284.04,2243.27
6/10/2016,182,69,49,30,12,22,97.95,90.04,83.68,104.13,120.30,133.91,17826.71,6212.90,4100.41,3123.79,1443.61,2946.00
6/11/2016,181,69,53,29,10,20,94.01,84.77,81.91,101.61,111.52,138.22,17016.47,5848.97,4341.21,2946.64,1115.15,2764.50
6/12/2016,169,67,46,30,9,17,93.92,86.90,79.52,103.71,100.64,139.73,15872.38,5822.16,3657.89,3111.17,905.75,2375.41
6/13/2016,182,71,51,30,10,20,94.25,84.48,80.22,106.41,110.84,138.14,17152.76,5998.22,4091.10,3192.29,1108.38,2762.77
6/14/2016,183,71,50,30,11,21,92.97,84.74,80.08,104.51,101.04,130.78,17013.96,6016.75,4004.10,3135.31,1111.48,2746.32
6/15/2016,183,70,49,31,11,22,90.17,80.34,79.87,104.64,93.46,122.36,16501.10,5623.58,3913.62,3243.88,1028.08,2691.94
6/16/2016,176,66,48,32,9,21,94.48,81.14,79.72,112.56,117.86,132.55,16627.95,5355.13,3826.71,3601.85,1060.74,2783.52
6/17/2016,182,68,49,31,11,23,95.70,81.44,79.75,116.35,112.68,135.89,17417.81,5537.95,3907.89,3606.94,1239.50,3125.53
6/18/2016,177,65,48,30,11,23,98.82,83.29,80.29,125.50,113.33,139.68,17491.85,5413.63,3853.99,3765.12,1246.58,3212.53
6/19/2016,173,66,49,29,10,19,93.31,79.76,79.11,117.70,117.50,127.06,16142.71,5264.09,3876.27,3413.32,1174.98,2414.05
6/20/2016,175,68,47,29,11,20,93.79,82.33,78.63,110.65,105.64,137.42,16412.91,5598.17,3695.50,3208.81,1162.02,2748.41
6/21/2016,179,67,49,30,11,22,90.82,72.60,80.64,107.61,101.83,140.60,16257.22,4864.21,3951.20,3228.44,1120.09,3093.28
6/22/2016,179,69,49,30,11,20,88.59,77.08,81.35,101.97,84.34,128.28,15857.12,5318.41,3986.34,3059.01,927.69,2565.67
6/23/2016,177,69,48,28,12,20,85.14,74.39,82.33,92.31,84.13,119.50,15068.90,5132.64,3952.07,2584.56,1009.54,2390.09
6/24/2016,178,70,50,29,12,17,84.72,74.85,84.61,91.58,83.53,114.83,15079.86,5239.29,4230.25,2655.75,1002.38,1952.19
6/25/2016,182,70,48,31,11,22,95.80,88.43,87.22,96.66,94.94,137.17,17435.57,6190.31,4186.78,2996.49,1044.36,3017.63
6/26/2016,183,69,50,29,10,25,94.79,87.08,83.07,94.14,107.25,135.28,17346.52,6008.38,4153.47,2730.09,1072.46,3382.12
6/27/2016,181,68,52,29,11,21,92.61,84.84,82.97,94.45,105.65,132.30,16763.04,5769.18,4314.39,2739.09,1162.15,2778.23
6/28/2016,181,69,51,29,12,20,87.67,75.25,81.76,91.84,104.85,129.26,15868.64,5192.58,4169.51,2663.23,1258.15,2585.17
6/29/2016,176,68,49,29,12,18,87.89,76.54,82.35,91.84,101.60,130.34,15468.44,5204.62,4035.27,2663.23,1219.15,2346.17
6/30/2016,179,68,49,29,12,21,97.59,85.52,86.29,104.18,113.38,144.93,17468.56,5815.31,4228.22,3021.09,1360.51,3043.43
7/1/2016,178,66,49,29,12,22,98.92,83.58,88.15,107.39,119.76,146.41,17608.45,5516.49,4319.34,3114.44,1437.17,3221.01
7/2/2016,180,68,48,29,12,23,99.34,82.76,86.04,106.01,109.00,162.67,17881.57,5627.74,4130.14,3074.25,1307.95,3741.49
7/3/2016,161,62,48,24,12,15,98.25,86.12,87.52,98.80,128.10,157.94,15817.51,5339.30,4200.79,2371.20,1537.16,2369.06
7/4/2016,175,67,46,28,12,22,101.42,86.34,85.81,102.78,128.84,163.32,17749.07,5784.67,3947.25,2877.97,1546.11,3593.07
7/5/2016,177,67,48,29,12,21,104.41,91.34,86.12,106.35,139.12,165.37,18479.94,6120.00,4133.56,3084.24,1669.46,3472.68
7/6/2016,176,65,46,29,12,24,108.00,93.01,91.89,112.79,138.10,158.64,19007.82,6045.37,4226.95,3271.05,1657.18,3807.27
7/7/2016,174,67,45,29,11,22,108.81,93.77,98.75,112.62,133.38,157.84,18932.14,6282.87,4443.66,3265.85,1467.18,3472.58
7/8/2016,174,68,45,31,10,20,114.14,100.02,103.06,124.58,134.74,160.55,19859.67,6801.41,4637.74,3862.07,1347.38,3211.07
7/9/2016,178,68,46,30,11,23,116.33,100.94,107.81,122.44,133.08,162.86,20706.26,6864.10,4959.38,3673.07,1463.87,3745.84
7/10/2016,174,65,46,30,11,22,115.89,102.02,107.38,125.60,129.99,154.36,20164.67,6631.57,4939.44,3767.90,1429.87,3395.89
7/11/2016,177,65,46,30,12,24,118.94,104.29,108.55,120.81,145.51,162.96,21053.14,6778.78,4993.14,3624.20,1746.06,3910.96
7/12/2016,180,67,47,30,12,24,120.62,105.29,107.19,128.12,152.16,164.55,21711.29,7054.34,5038.14,3843.64,1825.86,3949.31
7/13/2016,180,69,47,29,12,23,121.96,106.98,110.68,134.34,157.38,155.90,21953.18,7381.32,5201.76,3895.79,1888.61,3585.70
7/14/2016,176,66,44,30,11,25,131.63,118.36,116.58,132.94,192.46,164.79,23166.49,7812.07,5129.53,3988.15,2117.01,4119.73
7/15/2016,180,70,44,30,12,24,143.49,132.22,129.62,138.06,193.00,183.84,25828.53,9255.11,5703.47,4141.79,2316.01,4412.15
7/16/2016,180,70,47,30,12,21,148.27,142.69,132.19,143.38,195.70,182.72,26688.34,9988.51,6212.97,4301.41,2348.37,3837.08
7/17/2016,173,66,43,31,12,21,152.78,142.26,132.57,150.59,204.41,200.98,26431.80,9389.37,5700.54,4668.37,2452.97,4220.55
7/18/2016,180,69,50,28,12,21,156.33,143.85,135.78,164.28,190.86,215.96,28140.01,9925.67,6789.17,4599.72,2290.34,4535.11
7/19/2016,175,67,46,29,12,21,158.34,144.33,140.83,166.84,197.64,207.22,27709.89,9669.94,6478.38,4838.33,2371.64,4351.60
7/20/2016,179,67,49,30,12,21,156.81,138.30,146.05,168.40,190.76,204.97,28068.67,9266.38,7156.68,5052.08,2289.14,4304.39
7/21/2016,181,69,49,30,12,21,162.90,143.34,152.15,179.89,189.93,212.55,29485.27,9890.41,7455.48,5396.67,2279.14,4463.57
7/22/2016,183,70,49,30,11,23,163.01,145.52,155.71,171.26,194.98,205.79,29831.52,10186.34,7629.66,5137.71,2144.74,4733.07
7/23/2016,184,69,50,30,11,24,165.96,148.49,158.92,173.40,187.81,211.53,30536.32,10245.83,7945.79,5202.09,2065.94,5076.67
7/24/2016,176,69,43,29,12,23,163.27,140.71,159.71,176.36,193.14,205.51,28735.35,9708.72,6867.69,5114.52,2317.71,4726.71
7/25/2016,177,68,48,27,12,22,163.16,139.09,160.88,172.11,196.83,213.20,28879.97,9458.25,7722.46,4646.97,2361.92,4690.37
7/26/2016,180,68,49,28,12,23,161.90,140.88,162.65,165.35,188.58,204.38,29142.89,9579.60,7969.96,4629.69,2262.92,4700.72
7/27/2016,180,67,49,29,11,24,163.10,145.15,160.60,158.34,196.93,208.59,29358.84,9725.04,7869.45,4591.85,2166.28,5006.22
7/28/2016,177,68,46,30,11,22,168.66,147.48,170.20,162.71,193.76,226.47,29853.00,10028.54,7829.35,4881.34,2131.33,4982.44
7/29/2016,181,68,49,30,11,23,169.30,146.62,174.07,165.42,195.95,218.55,30643.75,9970.08,8529.21,4962.50,2155.42,5026.54
7/30/2016,175,69,49,26,11,20,174.55,156.88,180.62,170.53,198.76,212.60,30546.97,10824.48,8850.30,4433.87,2186.37,4251.95
7/31/2016,170,62,48,27,12,21,168.06,138.55,177.95,165.23,195.11,220.77,28570.36,8590.11,8541.44,4461.33,2341.37,4636.11
8/1/2016,180,67,49,30,12,22,165.72,136.69,175.99,163.49,217.60,206.02,29830.01,9157.97,8623.71,4904.67,2611.15,4532.51
8/2/2016,183,70,49,30,13,21,170.00,147.18,178.95,160.28,214.45,211.58,31110.89,10302.94,8768.49,4808.37,2787.86,4443.23
8/3/2016,182,70,48,29,12,23,173.96,152.97,180.17,164.80,220.98,211.88,31660.62,10708.09,8648.38,4779.11,2651.81,4873.23
8/4/2016,183,70,47,30,13,23,182.11,170.98,184.81,161.89,220.70,215.02,33326.17,11968.81,8686.08,4856.61,2869.12,4945.55
8/5/2016,183,70,48,30,12,23,188.02,173.64,192.65,163.62,230.30,231.90,34408.31,12154.95,9247.34,4908.62,2763.59,5333.81
8/6/2016,180,69,48,30,11,22,190.06,181.03,190.84,158.75,237.68,235.58,34211.53,12491.16,9160.42,4762.62,2614.48,5182.85
8/7/2016,178,67,48,30,11,22,185.96,177.15,184.42,157.80,235.20,229.96,33101.44,11868.88,8852.18,4733.92,2587.24,5059.22
8/8/2016,183,69,48,30,12,24,184.85,175.23,186.08,165.41,225.48,214.09,33828.45,12090.61,8931.79,4962.26,2705.74,5138.05
8/9/2016,183,69,49,31,12,22,183.75,176.46,187.77,163.40,218.09,207.59,33625.94,12175.61,9200.86,5065.42,2617.03,4567.02
8/10/2016,183,69,49,30,12,23,188.00,177.05,188.81,179.97,211.72,217.21,34403.59,12216.21,9251.80,5399.06,2540.63,4995.89
8/11/2016,179,68,49,29,12,21,194.92,185.95,191.42,181.20,212.95,240.74,34889.85,12644.54,9379.70,5254.75,2555.42,5055.44
8/12/2016,182,69,48,30,13,22,192.68,181.45,184.13,180.83,224.95,243.63,35067.41,12520.03,8838.39,5424.90,2924.32,5359.77
8/13/2016,183,69,49,30,12,23,189.90,174.43,183.77,181.01,223.44,243.42,34750.85,12035.96,9004.63,5430.41,2681.22,5598.63
8/14/2016,183,69,49,30,12,23,191.36,174.79,185.76,177.53,238.66,246.32,35018.09,12060.72,9102.29,5325.86,2863.92,5665.30
8/15/2016,179,70,47,29,10,23,185.66,166.10,188.60,171.10,240.35,233.76,33233.08,11627.29,8864.04,4961.89,2403.48,5376.38
8/16/2016,181,69,48,30,12,22,187.18,158.87,189.51,181.27,233.42,253.75,33880.04,10962.02,9096.31,5438.24,2801.00,5582.47
8/17/2016,183,69,48,29,12,25,191.28,166.13,190.53,183.27,240.09,247.97,35003.54,11462.82,9145.44,5314.97,2881.10,6199.21
8/18/2016,183,69,48,30,12,24,192.50,167.85,192.21,188.53,230.58,249.86,35226.72,11581.40,9225.84,5656.01,2766.90,5996.57
8/19/2016,182,68,48,30,12,24,190.47,164.16,188.60,199.56,211.73,246.80,34666.20,11162.89,9052.63,5986.80,2540.74,5923.14
8/20/2016,183,69,49,30,12,23,192.22,161.87,189.23,206.03,230.60,251.58,35175.71,11169.15,9272.05,6181.00,2767.14,5786.37
8/21/2016,180,67,48,29,11,25,188.01,152.33,181.61,211.41,236.32,247.50,33841.46,10206.06,8717.51,6130.84,2599.54,6187.51
8/22/2016,180,66,49,29,13,23,191.00,152.07,188.92,212.39,232.12,256.96,34380.75,10036.54,9257.20,6159.45,3017.53,5910.03
8/23/2016,182,69,48,29,12,24,188.19,153.11,185.86,202.15,234.44,253.71,34250.18,10564.43,8921.23,5862.25,2813.30,6088.97
8/24/2016,181,68,48,29,12,24,185.61,151.61,183.79,190.57,237.87,253.47,33596.10,10309.71,8822.15,5526.56,2854.38,6083.30
8/25/2016,183,69,49,29,12,24,179.89,151.59,172.27,179.37,230.88,251.94,32919.55,10459.49,8441.25,5201.71,2770.54,6046.56
8/26/2016,181,70,49,30,12,20,177.85,154.89,175.10,170.79,223.98,247.90,32191.32,10842.02,8579.75,5123.79,2687.77,4957.99
8/27/2016,183,70,48,32,11,22,168.13,148.85,159.54,158.26,220.08,236.55,30767.08,10419.55,7658.05,5064.37,2420.90,5204.21
8/28/2016,178,65,48,32,12,21,168.09,146.17,164.05,152.65,216.98,240.75,29919.61,9500.90,7874.51,4884.69,2603.73,5055.78
8/29/2016,179,69,48,31,10,21,151.53,137.00,142.60,130.48,207.79,223.93,27123.13,9452.97,6844.64,4044.97,2077.93,4702.62
8/30/2016,177,69,49,29,11,19,145.91,127.38,140.05,130.41,193.39,224.48,25826.07,8789.13,6862.64,3781.79,2127.30,4265.21
8/31/2016,169,66,46,26,12,19,139.00,124.72,129.26,121.03,169.52,217.48,23490.76,8231.83,5945.98,3146.67,2034.24,4132.04
9/1/2016,180,68,49,29,12,22,133.95,124.35,115.66,114.30,172.41,209.32,24111.86,8455.58,5667.44,3314.84,2068.95,4605.05
9/2/2016,177,65,48,32,11,21,127.59,109.50,114.46,120.60,165.41,204.41,22582.93,7117.64,5494.04,3859.07,1819.52,4292.66
9/3/2016,177,66,48,29,11,23,121.26,101.24,113.24,122.31,128.69,190.60,21463.63,6681.78,5435.29,3547.09,1415.59,4383.88
9/4/2016,176,65,48,29,11,23,115.47,99.05,100.67,121.97,117.98,183.40,20323.32,6437.95,4832.33,3537.09,1297.74,4218.21
9/5/2016,174,65,48,29,12,20,110.23,92.77,89.74,127.40,125.15,182.27,19179.37,6029.91,4307.61,3694.64,1501.84,3645.37
9/6/2016,178,65,50,29,12,22,109.50,92.89,88.79,120.00,125.15,183.26,19490.96,6037.91,4439.54,3479.98,1501.84,4031.69
9/7/2016,177,65,50,29,12,21,108.37,92.12,89.99,119.00,125.15,178.11,19180.63,5987.81,4499.59,3451.12,1501.84,3740.27
9/8/2016,177,66,48,29,12,22,108.63,90.53,91.02,116.91,129.14,179.26,19227.85,5975.23,4368.77,3390.52,1549.63,3943.70
9/9/2016,182,69,49,30,12,22,112.50,99.45,98.10,115.73,140.84,165.62,20475.20,6862.28,4807.10,3471.99,1690.13,3643.70
9/10/2016,181,68,48,30,12,23,112.67,107.42,92.92,112.14,154.82,148.13,20393.66,7304.48,4460.14,3364.27,1857.87,3406.90
9/11/2016,178,69,46,29,11,23,108.51,98.66,93.64,111.61,135.30,151.07,19314.34,6807.31,4307.51,3236.59,1488.33,3474.60
9/12/2016,180,67,48,30,12,23,108.62,106.81,89.09,109.16,125.07,145.33,19550.94,7156.28,4276.34,3274.89,1500.83,3342.60
9/13/2016,178,68,47,29,12,22,106.71,101.78,88.16,116.38,114.44,144.63,18994.40,6920.78,4143.61,3374.93,1373.23,3181.85
9/14/2016,171,64,47,29,11,20,98.80,93.62,80.29,110.26,85.51,149.60,16895.56,5991.61,3773.72,3197.64,940.58,2992.01
9/15/2016,181,75,48,29,11,18,86.66,73.68,77.98,91.54,88.14,155.14,15685.79,5526.12,3742.85,2654.69,969.52,2792.61
9/16/2016,180,72,48,29,12,19,84.55,71.39,81.24,91.81,94.54,125.34,15218.52,5140.38,3899.68,2662.39,1134.52,2381.55
9/17/2016,180,69,47,29,11,24,86.73,69.42,81.86,90.97,89.67,139.59,15611.71,4789.74,3847.44,2638.05,986.38,3350.10
9/18/2016,181,70,48,29,11,23,89.67,71.04,89.08,92.20,95.45,141.63,16229.65,4972.64,4275.94,2673.66,1049.94,3257.47
9/19/2016,172,64,47,28,11,22,93.48,79.00,91.02,97.17,85.07,140.40,16079.34,5055.95,4278.05,2720.86,935.74,3088.74
9/20/2016,183,70,49,30,12,22,90.07,78.36,82.32,91.70,93.18,140.72,16483.68,5485.22,4033.46,2751.01,1118.20,3095.79
9/21/2016,182,70,49,30,12,21,86.88,72.58,82.21,90.23,87.77,140.12,15811.87,5080.75,4028.27,2707.04,1053.20,2942.61
9/22/2016,183,70,49,30,12,22,87.10,73.60,82.79,90.40,92.77,132.07,15939.83,5152.25,4056.85,2712.04,1113.20,2905.49
9/23/2016,178,70,47,29,11,21,87.63,73.72,83.03,96.63,98.47,126.19,15598.17,5160.34,3902.37,2802.18,1083.20,2650.08
9/24/2016,183,70,49,30,12,22,89.96,74.34,85.23,98.21,98.39,134.31,16461.98,5204.09,4176.22,2946.17,1180.70,2954.80
9/25/2016,160,55,49,27,7,22,86.49,69.89,79.96,92.33,92.53,133.43,13838.40,3844.16,3918.11,2492.87,647.70,2935.56
9/26/2016,182,69,48,30,12,23,82.59,67.30,76.30,88.81,89.74,129.74,15031.21,4643.61,3662.22,2664.44,1076.82,2984.12
9/27/2016,174,66,47,28,12,21,85.43,74.42,78.27,87.15,91.06,130.52,14864.29,4911.82,3678.69,2440.06,1092.70,2741.02
9/28/2016,182,69,48,30,12,23,86.93,75.07,78.79,88.87,91.06,134.78,15821.12,5180.16,3782.15,2666.09,1092.70,3100.02
9/29/2016,183,69,48,30,12,24,84.50,69.09,78.52,92.56,91.06,127.41,15463.73,4767.18,3769.19,2776.89,1092.70,3057.77
9/30/2016,183,69,48,30,12,24,85.48,71.99,76.78,93.66,85.56,131.39,15642.36,4967.02,3685.44,2809.90,1026.70,3153.30
10/1/2016,184,68,49,30,12,25,83.66,70.11,74.26,91.50,86.85,127.99,15393.04,4767.22,3638.87,2744.99,1042.20,3199.76
10/2/2016,179,69,45,30,12,23,80.35,63.29,78.43,93.52,86.85,114.71,14382.57,4366.95,3529.40,2805.59,1042.20,2638.43
10/3/2016,172,67,47,24,12,22,80.64,67.49,75.75,94.70,81.48,115.33,13869.93,4521.67,3560.31,2272.89,977.70,2537.36
10/4/2016,184,69,49,30,12,24,80.07,66.01,74.00,94.81,77.57,115.70,14733.00,4555.02,3625.87,2844.40,930.85,2776.86
10/5/2016,179,66,49,29,12,23,77.98,61.97,75.32,93.54,77.57,110.19,13958.47,4090.30,3690.49,2712.55,930.85,2534.28
10/6/2016,178,66,49,30,11,22,67.90,53.34,68.56,70.14,69.68,106.14,12085.81,3520.76,3359.41,2104.10,766.43,2335.11
10/7/2016,180,67,49,29,12,23,68.38,52.47,66.52,71.66,67.87,114.85,12309.12,3515.34,3259.69,2078.03,814.43,2641.63
10/8/2016,179,67,47,29,11,25,66.42,51.25,59.70,74.94,65.18,110.40,11889.72,3433.74,2805.82,2173.20,716.93,2760.03
10/9/2016,178,68,48,29,11,22,65.52,53.51,61.46,81.23,65.18,90.99,11663.22,3638.68,2950.29,2355.60,716.93,2001.72
10/10/2016,159,61,46,27,8,17,65.08,53.05,61.41,84.76,63.62,87.65,10347.98,3235.75,2824.73,2288.40,508.98,1490.12
10/11/2016,152,63,39,29,7,14,65.52,53.72,66.45,81.87,63.82,83.07,9959.75,3384.05,2591.69,2374.24,446.75,1163.02
10/12/2016,177,69,46,29,12,21,67.10,59.80,63.66,76.79,73.31,81.63,11875.92,4126.32,2928.56,2226.99,879.75,1714.30
10/13/2016,176,70,48,25,13,20,66.25,60.58,62.77,78.16,72.75,75.38,11660.64,4240.42,3012.81,1953.99,945.75,1507.67
10/14/2016,181,70,48,30,13,20,65.69,60.58,63.48,73.98,70.56,73.26,11889.09,4240.42,3046.96,2219.27,917.27,1465.17
10/15/2016,178,71,45,29,13,20,66.35,60.49,62.49,73.73,70.56,82.42,11810.98,4294.85,2812.22,2138.27,917.27,1648.37
10/16/2016,183,70,49,29,12,23,68.20,58.57,68.36,79.47,63.27,85.57,12481.43,4099.80,3349.50,2304.74,759.27,1968.12
10/17/2016,155,51,48,30,8,18,66.52,53.58,68.48,79.95,58.03,79.37,10311.21,2732.67,3287.25,2398.41,464.27,1428.61
10/18/2016,174,66,49,29,11,19,65.20,54.60,68.84,74.69,63.80,78.97,11344.83,3603.28,3373.23,2166.13,701.78,1500.41
10/19/2016,172,61,49,30,13,19,65.95,53.38,72.01,74.60,62.68,79.23,11342.56,3255.95,3528.29,2238.13,814.78,1505.41
10/20/2016,179,66,48,30,13,22,64.51,52.03,66.93,78.39,68.37,75.47,11547.38,3433.97,3212.47,2351.75,888.78,1660.41
10/21/2016,165,65,45,25,10,20,66.76,52.40,70.50,84.71,72.86,79.56,11015.98,3406.22,3172.35,2117.72,728.56,1591.13
10/22/2016,176,65,48,30,10,23,68.24,51.91,70.99,84.06,75.56,84.83,12010.61,3374.34,3407.66,2521.85,755.56,1951.20
10/23/2016,180,70,45,30,12,23,65.81,52.33,69.05,75.09,71.12,85.61,11845.47,3662.89,3107.29,2252.80,853.39,1969.10
10/24/2016,160,50,48,30,11,21,69.34,52.97,67.30,81.37,72.31,94.24,11094.42,2648.50,3230.20,2441.20,795.39,1979.13
10/25/2016,171,60,49,30,11,21,69.54,53.54,67.87,80.23,71.04,103.08,11891.06,3212.15,3325.83,2406.92,781.39,2164.77
10/26/2016,179,70,50,28,11,20,68.72,55.15,65.76,80.77,75.05,103.26,12301.48,3860.84,3288.18,2261.66,825.53,2065.27
10/27/2016,154,61,42,25,7,19,71.74,54.49,65.48,91.94,68.40,115.61,11047.86,3324.03,2749.98,2298.41,478.82,2196.62
10/28/2016,161,60,46,25,9,21,71.23,53.63,67.17,88.12,65.06,112.95,11468.17,3217.60,3089.95,2203.08,585.56,2371.98
10/29/2016,182,69,49,29,12,23,64.52,48.04,62.71,82.97,61.87,95.92,11742.31,3314.79,3072.82,2406.24,742.41,2206.05
10/30/2016,168,62,49,29,11,17,63.13,51.76,58.49,75.78,60.18,98.28,10605.75,3209.38,2865.90,2197.64,662.01,1670.82
10/31/2016,178,67,48,30,11,22,61.01,46.44,57.87,71.73,59.43,98.44,10860.15,3111.36,2777.57,2151.80,653.68,2165.74
11/1/2016,168,65,47,29,7,20,58.96,46.66,54.29,67.63,65.62,95.00,9905.03,3032.77,2551.56,1961.30,459.36,1900.04
11/2/2016,164,67,48,27,6,16,55.51,45.62,52.71,66.04,53.64,88.30,9104.11,3056.23,2530.08,1783.06,321.86,1412.88
11/3/2016,176,70,49,30,12,15,53.25,44.67,48.42,68.12,51.24,80.93,9372.06,3126.97,2372.77,2043.48,614.86,1213.98
11/4/2016,172,69,47,30,7,19,55.37,44.86,51.46,68.14,53.66,83.69,9523.58,3095.13,2418.59,2044.09,375.63,1590.14
11/5/2016,170,70,45,25,10,20,55.28,45.06,51.37,69.76,52.96,82.93,9398.04,3154.21,2311.76,1743.90,529.57,1658.60
11/6/2016,144,57,41,20,10,16,54.12,44.37,49.51,71.87,48.52,82.00,7793.54,2528.96,2030.01,1437.46,485.18,1311.93
11/7/2016,147,60,38,25,11,13,55.93,48.19,50.94,69.30,42.23,92.11,8221.54,2891.22,1935.87,1732.51,464.54,1197.40
11/8/2016,157,63,42,28,12,12,54.63,46.92,50.90,67.95,39.21,92.52,8576.79,2955.83,2137.65,1902.50,470.54,1110.27
11/9/2016,155,64,40,25,11,15,51.42,42.41,50.18,64.48,38.77,80.69,7970.23,2714.10,2007.18,1612.12,426.50,1210.33
11/10/2016,158,62,42,27,11,16,53.17,43.86,47.69,70.12,45.97,80.00,8400.80,2719.06,2002.87,1893.26,505.68,1279.93
11/11/2016,161,63,42,29,12,15,53.88,45.11,47.88,65.93,48.33,88.72,8675.44,2841.71,2011.00,1912.04,579.92,1330.77
11/12/2016,138,53,37,23,12,13,53.35,46.77,44.69,62.37,53.43,88.85,7362.83,2478.73,1653.44,1434.53,641.12,1155.01
11/13/2016,131,54,34,25,8,10,51.73,45.32,47.68,62.75,42.21,80.12,6776.08,2447.16,1621.19,1568.84,337.67,801.22
11/14/2016,152,60,43,28,9,12,51.88,44.49,46.68,63.28,42.46,87.90,7885.45,2669.23,2007.45,1771.82,382.13,1054.82
11/15/2016,164,69,48,28,8,11,50.34,41.20,47.18,64.26,43.99,90.65,8255.67,2842.71,2264.58,1799.35,351.89,997.14
11/16/2016,141,59,43,27,7,5,49.98,42.64,47.39,64.12,46.54,87.26,7046.90,2515.91,2037.59,1731.33,325.79,436.28
11/17/2016,148,65,42,28,8,5,49.02,38.82,49.76,64.12,48.10,92.46,7255.27,2523.12,2089.73,1795.35,384.79,462.28
11/18/2016,169,69,49,28,11,12,51.54,40.27,51.21,66.38,47.20,86.97,8709.65,2778.96,2509.24,1858.56,519.21,1043.68
11/19/2016,181,69,48,31,12,21,52.09,39.77,53.67,64.39,48.68,72.78,9428.98,2743.99,2576.39,1996.02,584.21,1528.37
11/20/2016,137,60,34,20,12,11,50.16,40.20,50.80,63.39,44.13,85.05,6872.30,2412.24,1727.24,1267.74,529.51,935.57
11/21/2016,102,35,39,18,6,4,49.17,40.39,47.71,67.72,40.39,69.89,5015.35,1413.82,1860.76,1218.87,242.33,279.57
11/22/2016,106,38,41,17,6,4,46.66,40.04,44.53,63.37,40.39,69.89,4946.36,1521.40,1825.79,1077.27,242.33,279.57
11/23/2016,105,35,44,17,6,3,47.72,39.65,46.22,62.37,51.71,72.79,5010.46,1387.80,2033.79,1060.27,310.23,218.37
11/24/2016,104,37,41,15,6,5,49.92,41.45,47.82,62.68,64.11,74.51,5191.71,1533.76,1960.59,940.17,384.63,372.56
11/25/2016,100,35,34,17,6,8,53.98,42.29,52.20,63.83,63.44,84.74,5398.44,1480.18,1774.67,1085.05,380.65,677.89
11/26/2016,107,27,44,19,6,11,54.29,46.08,49.45,66.08,63.44,68.50,5809.53,1244.07,2175.73,1255.53,380.65,753.55
11/27/2016,66,23,22,11,4,6,51.01,43.36,45.11,65.50,66.81,64.93,3366.96,997.23,992.44,720.49,267.25,389.55
11/28/2016,79,20,30,20,4,5,47.38,40.60,41.60,55.04,66.81,63.04,3743.20,811.90,1247.94,1100.89,267.25,315.22
11/29/2016,90,25,30,25,3,7,48.56,42.72,43.64,53.08,77.75,61.81,4370.04,1068.08,1309.18,1326.89,233.25,432.64
11/30/2016,60,20,18,12,3,7,49.80,39.68,46.68,59.91,77.75,57.45,2988.05,793.59,840.18,718.89,233.25,402.14
12/1/2016,78,28,19,13,7,11,54.37,45.82,48.19,66.32,67.61,64.24,4240.78,1283.02,915.65,862.19,473.25,706.67
12/2/2016,112,31,45,16,8,12,53.53,46.21,45.93,65.74,67.39,75.47,5995.61,1432.36,2066.73,1051.79,539.10,905.63
12/3/2016,130,53,42,12,10,13,58.50,53.58,47.00,72.67,53.91,106.20,7605.19,2839.60,1973.96,871.98,539.10,1380.55
12/4/2016,69,22,16,16,7,8,63.66,51.22,53.22,69.56,67.61,103.47,4392.31,1126.73,851.58,1112.98,473.25,827.77
12/5/2016,104,49,24,13,9,9,66.78,68.17,49.63,67.82,78.25,91.97,6944.97,3340.11,1191.14,881.70,704.25,827.77
12/6/2016,106,46,31,10,9,10,64.93,70.01,45.19,62.31,78.25,93.38,6882.71,3220.57,1401.03,623.09,704.25,933.77
12/7/2016,105,52,23,12,10,8,63.95,66.73,48.54,63.76,68.09,85.22,6714.38,3470.20,1116.47,765.09,680.85,681.77
12/8/2016,104,45,29,13,9,8,60.68,58.64,53.69,70.87,56.85,85.25,6310.81,2638.77,1557.11,921.29,511.62,682.02
12/9/2016,103,43,29,14,9,8,62.40,59.37,54.37,71.15,56.85,98.71,6426.76,2552.73,1576.64,996.09,511.62,789.68
12/10/2016,114,45,37,13,10,9,60.47,58.19,53.61,73.38,58.76,83.28,6893.31,2618.71,1983.51,953.92,587.62,749.55
12/11/2016,49,10,19,10,6,4,52.36,38.00,47.23,64.11,65.00,64.28,2565.67,380.04,897.38,641.12,390.00,257.13
12/12/2016,61,21,24,5,8,3,49.08,38.84,47.83,68.70,60.68,67.11,2993.96,815.73,1148.00,343.50,485.40,201.33
12/13/2016,67,19,31,7,8,2,47.63,43.13,44.27,52.55,60.68,72.95,3191.04,819.42,1372.45,367.88,485.40,145.89
12/14/2016,76,22,39,6,7,2,44.48,42.47,38.98,58.48,61.29,72.94,3380.34,934.31,1520.26,350.88,429.00,145.89
12/15/2016,63,22,30,5,2,4,47.86,46.43,42.54,63.54,52.50,73.67,3015.11,1021.47,1276.27,317.68,105.00,294.69
12/16/2016,73,21,38,9,1,4,50.42,49.71,44.86,65.44,66.00,69.17,3680.30,1043.97,1704.67,588.97,66.00,276.69
12/17/2016,90,34,33,11,2,10,54.83,44.62,51.33,65.24,59.34,88.75,4934.56,1516.93,1693.83,717.67,118.67,887.46
12/18/2016,57,20,16,10,2,9,56.34,48.95,54.00,62.49,59.34,69.44,3211.50,979.06,863.92,624.87,118.67,624.98
12/19/2016,73,32,19,13,3,6,52.85,43.48,53.22,60.51,69.36,76.79,3858.22,1391.43,1011.27,786.69,208.07,460.76
12/20/2016,74,33,20,11,2,8,52.67,44.88,53.34,61.49,59.34,69.32,3897.24,1480.89,1066.79,676.36,118.67,554.53
12/21/2016,80,30,26,13,3,8,55.70,47.49,52.54,61.66,73.33,80.42,4455.69,1424.78,1366.02,801.58,219.98,643.33
12/22/2016,88,41,20,20,2,5,60.60,54.35,61.48,65.50,76.99,82.16,5332.68,2228.24,1229.60,1310.08,153.98,410.78
12/23/2016,114,47,24,24,7,12,65.03,56.40,66.20,71.51,53.06,90.54,7413.84,2650.78,1588.77,1716.31,371.45,1086.53
12/24/2016,142,62,31,26,9,14,68.14,58.92,68.03,75.53,62.53,99.06,9675.27,3652.90,2108.95,1963.83,562.80,1386.79
12/25/2016,156,66,37,26,11,16,67.11,58.13,68.73,75.53,62.58,89.80,10468.98,3836.76,2543.15,1963.83,688.43,1436.81
12/26/2016,153,61,41,26,9,16,67.68,60.39,64.24,75.70,55.05,98.37,10355.17,3683.61,2633.90,1968.27,495.41,1573.98
12/27/2016,154,63,44,21,8,18,65.48,58.32,67.24,66.45,54.43,90.01,10084.22,3674.42,2958.73,1395.53,435.41,1620.13
12/28/2016,151,56,42,26,7,20,71.03,65.54,70.94,67.96,47.73,98.75,10725.73,3670.10,2979.58,1766.93,334.10,1975.02
12/29/2016,127,40,40,24,5,18,79.18,70.15,78.92,81.43,50.90,104.65,10055.23,2805.93,3156.72,1954.34,254.50,1883.74
12/30/2016,180,68,48,29,11,24,138.82,139.57,142.61,141.59,151.37,120.03,24988.00,9490.75,6845.45,4106.14,1665.05,2880.61
12/31/2016,174,64,48,29,11,22,151.32,144.51,158.88,154.80,162.37,144.57,26330.37,9248.49,7626.12,4489.12,1786.12,3180.52
1/1/2017,125,43,35,22,7,18,109.99,82.01,119.89,118.08,105.88,149.29,13748.82,3526.53,4196.12,2597.85,741.14,2687.18
1/2/2017,98,41,24,16,3,14,71.33,53.41,71.57,76.96,57.97,119.81,6990.13,2189.92,1717.68,1231.28,173.90,1677.35
1/3/2017,101,37,28,20,4,12,65.25,52.93,61.32,67.77,56.08,111.24,6590.11,1958.42,1717.08,1355.48,224.30,1334.83
1/4/2017,103,36,28,19,6,14,62.84,53.29,55.27,63.74,49.45,107.05,6472.58,1918.54,1547.58,1211.06,296.70,1498.70
1/5/2017,89,40,19,13,6,11,56.45,46.72,55.67,61.43,49.45,91.10,5023.71,1868.62,1057.71,798.59,296.70,1002.09
1/6/2017,96,45,17,11,7,16,57.24,50.26,51.88,59.07,49.24,84.81,5495.11,2261.70,881.89,649.79,344.70,1357.03
1/7/2017,97,42,19,14,5,17,55.18,49.67,50.71,55.55,40.24,77.88,5352.41,2086.23,963.45,777.64,201.20,1323.89
1/8/2017,74,28,20,11,3,12,51.64,45.34,45.54,59.95,39.73,71.85,3820.99,1269.38,910.76,659.41,119.20,862.24
1/9/2017,75,31,16,10,6,12,49.53,41.36,49.22,55.02,40.40,71.04,3714.92,1282.30,787.52,550.21,242.40,852.49
1/10/2017,89,37,27,9,9,7,46.09,40.76,46.56,55.50,38.60,70.03,4102.28,1508.10,1257.01,499.53,347.40,490.24
1/11/2017,85,35,23,12,8,7,46.82,41.05,45.45,58.16,38.63,70.03,3979.43,1436.84,1045.41,697.94,309.00,490.24
1/12/2017,90,34,30,7,8,11,46.51,38.75,48.07,56.16,38.63,65.89,4186.21,1317.34,1441.98,393.13,309.00,724.76
1/13/2017,71,21,25,8,5,12,48.53,40.73,50.39,52.66,37.92,59.98,3445.79,855.34,1259.87,421.28,189.60,719.70
1/14/2017,102,36,29,17,5,15,57.19,48.71,60.06,74.85,44.12,56.33,5833.19,1753.43,1741.77,1272.48,220.60,844.91
1/15/2017,55,13,15,9,6,12,48.82,41.49,47.55,56.72,45.60,54.02,2684.87,539.43,713.18,510.48,273.60,648.18
1/16/2017,151,55,37,26,11,22,52.43,51.61,52.06,54.53,53.71,52.01,7917.57,2838.63,1926.21,1417.75,590.80,1144.18
1/17/2017,149,56,39,25,10,19,52.33,50.62,53.31,55.05,51.50,52.21,7797.01,2834.84,2078.97,1376.22,515.00,991.98
1/18/2017,151,60,41,25,9,16,53.21,51.21,53.50,56.89,49.44,56.38,8035.43,3072.66,2193.47,1422.22,445.00,902.08
1/19/2017,83,23,20,13,6,21,56.15,45.97,44.40,67.15,44.37,75.04,4660.27,1057.31,888.04,872.98,266.20,1575.74
1/20/2017,71,27,11,11,3,19,58.42,48.80,47.88,70.56,52.73,72.07,4147.97,1317.51,526.72,776.16,158.20,1369.38
1/21/2017,100,39,24,14,3,20,56.63,47.07,51.25,71.37,52.73,71.99,5662.72,1835.58,1229.99,999.16,158.20,1439.79
1/22/2017,82,31,19,13,2,17,57.66,45.72,53.12,69.44,54.55,75.88,4728.12,1417.18,1009.19,902.76,109.10,1289.89
1/23/2017,89,43,22,10,1,13,53.23,44.21,49.28,67.48,60.00,78.30,4737.87,1901.10,1084.08,674.80,60.00,1017.89
1/24/2017,96,38,30,14,1,13,51.91,45.44,43.75,64.24,60.00,75.79,4983.59,1726.53,1312.53,899.30,60.00,985.23
1/25/2017,104,43,35,13,0,13,48.88,41.50,41.17,74.37,#DIV/0!,68.55,5083.36,1784.39,1441.03,966.80,0.00,891.14
1/26/2017,109,47,38,14,1,9,49.21,42.08,47.44,67.61,53.33,64.86,5364.30,1977.93,1802.73,946.60,53.33,583.71
1/27/2017,141,57,39,22,2,21,52.63,40.20,53.11,69.22,47.17,68.63,7421.19,2291.50,2071.30,1522.93,94.33,1441.13
1/28/2017,155,58,46,24,5,22,54.39,41.04,56.72,67.45,44.77,72.63,8429.95,2380.54,2609.05,1618.73,223.83,1597.80
1/29/2017,111,48,25,18,4,16,49.97,39.47,49.59,66.19,56.48,62.17,5546.50,1894.67,1239.86,1191.37,225.90,994.70
1/30/2017,95,36,28,17,3,11,47.90,42.61,48.27,65.21,52.97,36.16,4550.80,1533.86,1351.69,1108.60,158.90,397.75
1/31/2017,93,31,39,14,2,7,47.05,43.99,45.03,59.67,58.20,43.39,4375.26,1363.72,1755.99,835.40,116.40,303.75
2/1/2017,78,28,33,11,1,5,45.23,42.42,43.78,56.87,59.00,42.15,3527.83,1187.62,1444.86,625.60,59.00,210.75
2/2/2017,73,34,25,9,1,4,45.26,42.08,46.75,58.51,59.00,29.69,3303.85,1430.72,1168.78,526.60,59.00,118.75
2/3/2017,88,28,36,14,2,8,52.33,41.65,51.25,65.58,81.00,64.25,4605.39,1166.22,1845.15,918.06,162.00,513.96
2/4/2017,123,43,42,17,4,17,53.29,43.72,52.25,68.31,64.68,62.39,6554.96,1879.93,2194.57,1161.19,258.72,1060.55
2/5/2017,83,35,22,10,2,14,50.34,42.23,52.52,66.33,46.36,56.33,4177.89,1477.93,1155.33,663.31,92.72,788.60
2/6/2017,106,49,26,15,7,9,59.83,54.18,47.92,74.62,98.96,69.88,6341.74,2654.82,1245.95,1119.35,692.72,628.90
2/7/2017,105,50,23,17,8,7,58.53,53.47,49.69,68.08,91.99,62.27,6145.46,2673.38,1142.91,1157.35,735.92,435.90
2/8/2017,94,36,34,13,1,10,49.97,40.98,50.50,62.27,43.20,65.21,4697.14,1475.15,1717.14,809.55,43.20,652.10
2/9/2017,99,39,35,17,3,5,49.47,41.80,50.61,61.02,57.77,57.10,4897.63,1630.24,1771.29,1037.28,173.32,285.50
2/10/2017,113,52,28,21,5,7,53.68,45.25,54.16,65.69,91.66,51.21,6065.99,2353.13,1516.59,1379.45,458.32,358.50
2/11/2017,128,52,35,25,8,8,56.38,45.43,60.90,67.86,81.12,47.13,7216.38,2362.45,2131.53,1696.42,648.98,377.00
2/12/2017,90,31,25,20,7,7,54.17,42.11,57.12,67.60,61.86,50.94,4875.21,1305.48,1428.06,1352.02,433.04,356.61
2/13/2017,137,62,36,22,7,10,57.79,52.60,54.33,65.04,58.63,85.96,7917.86,3260.91,1955.99,1430.97,410.38,859.61
2/14/2017,162,65,49,22,12,14,59.36,53.61,59.69,65.23,54.16,80.07,9615.58,3484.85,2924.79,1435.14,649.88,1120.92
2/15/2017,153,62,41,25,10,15,58.93,53.71,52.20,69.49,53.65,84.87,9016.98,3330.05,2140.10,1737.33,536.52,1272.98
2/16/2017,148,64,37,25,8,14,56.97,52.31,52.46,67.40,63.20,68.03,8431.77,3347.58,1941.11,1685.09,505.56,952.43
2/17/2017,149,56,38,26,8,21,56.47,42.65,52.77,68.24,58.40,84.69,8413.53,2388.41,2005.19,1774.34,467.16,1778.43
2/18/2017,177,70,47,29,8,23,57.59,44.58,55.44,68.49,64.46,85.45,10193.61,3120.70,2605.64,1986.22,515.66,1965.39
2/19/2017,154,60,41,27,11,15,53.62,41.81,52.15,69.69,48.86,79.43,8257.32,2508.45,2138.31,1881.73,537.44,1191.39
2/20/2017,140,53,38,24,10,15,53.20,39.94,51.99,68.41,54.78,77.72,7447.96,2116.68,1975.80,1641.94,547.77,1165.77
2/21/2017,143,59,38,24,8,14,50.71,39.86,49.12,61.72,59.06,77.11,7251.60,2351.76,1866.46,1481.37,472.49,1079.52
2/22/2017,163,68,44,26,11,14,51.71,40.08,54.39,63.27,55.77,75.15,8429.14,2725.23,2393.33,1644.97,613.49,1052.12
2/23/2017,167,68,45,26,11,17,54.19,44.37,54.07,63.69,60.41,75.28,9050.38,3017.17,2433.01,1656.00,664.50,1279.70
2/24/2017,164,64,43,29,12,16,58.22,46.28,57.21,69.08,68.38,81.36,9547.46,2961.86,2460.10,2003.24,820.56,1301.70
2/25/2017,184,71,48,30,11,24,59.95,48.24,58.32,70.43,66.94,81.54,11031.32,3425.33,2799.59,2112.97,736.39,1957.04
2/26/2017,183,69,48,31,11,24,62.26,51.40,58.02,70.46,77.89,84.22,11394.07,3546.68,2785.00,2184.21,856.83,2021.35
2/27/2017,159,66,37,27,10,19,60.57,50.59,54.79,68.46,73.73,88.34,9630.39,3338.78,2027.29,1848.45,737.33,1678.54
2/28/2017,112,44,21,25,4,18,57.38,45.82,54.70,61.98,72.00,79.16,6426.98,2015.86,1148.76,1549.54,288.00,1424.82
3/1/2017,125,60,21,26,3,15,53.43,45.86,51.77,56.84,59.33,78.94,6678.46,2751.47,1087.16,1477.71,178.00,1184.12
3/2/2017,176,67,45,31,12,21,47.48,41.33,47.44,52.30,36.04,66.62,8356.85,2769.38,2134.79,1621.22,432.45,1399.01
3/3/2017,177,67,46,31,12,21,49.28,41.33,49.27,56.18,36.04,72.00,8721.78,2769.38,2266.44,1741.50,432.45,1512.01
3/4/2017,181,67,49,30,12,23,50.26,41.33,50.11,58.00,36.04,73.88,9096.52,2769.24,2455.44,1740.04,432.45,1699.35
3/5/2017,176,68,46,29,10,23,51.27,43.54,50.94,62.22,34.75,68.13,9022.97,2960.80,2343.42,1804.31,347.45,1566.99
3/6/2017,123,57,25,22,5,14,55.90,47.73,54.63,64.55,64.17,74.87,6875.77,2720.70,1365.82,1420.16,320.86,1048.23
3/7/2017,144,67,37,22,7,11,57.12,48.76,61.02,64.02,60.01,79.27,8225.28,3266.91,2257.82,1408.51,420.10,871.94
3/8/2017,148,66,42,21,7,12,55.95,47.53,59.46,63.12,60.01,75.08,8280.81,3137.14,2497.12,1325.51,420.10,900.94
3/9/2017,172,64,45,29,10,24,61.65,51.48,63.11,67.52,62.71,78.51,10604.03,3294.85,2839.85,1958.00,627.10,1884.23
3/10/2017,181,69,49,29,11,23,61.89,51.26,64.23,67.21,64.01,81.10,11202.81,3536.85,3147.43,1949.20,704.10,1865.23
3/11/2017,174,69,49,27,11,18,57.97,47.86,59.91,70.41,54.28,75.07,10087.09,3302.05,2935.75,1900.96,597.10,1351.23
3/12/2017,140,64,39,16,10,11,52.97,47.42,58.57,60.34,54.49,53.34,7415.81,3034.58,2284.21,965.39,544.90,586.73
3/13/2017,166,69,46,26,10,15,54.00,48.92,57.75,55.33,49.36,66.65,8964.00,3375.68,2656.41,1438.59,493.64,999.68
3/14/2017,173,69,46,27,10,21,57.01,50.77,59.24,64.48,45.78,68.39,9863.51,3503.28,2725.11,1741.09,457.84,1436.19
3/15/2017,170,69,46,26,11,18,55.28,47.73,56.51,66.17,45.26,71.50,9398.18,3293.21,2599.57,1720.50,497.84,1287.06
3/16/2017,182,69,49,28,12,24,55.96,46.19,56.70,66.96,42.30,76.51,10184.05,3186.91,2778.44,1875.00,507.54,1836.16
3/17/2017,179,69,49,28,12,21,57.99,48.69,58.35,69.11,44.78,80.41,10379.53,3359.71,2858.91,1935.00,537.30,1688.61
3/18/2017,156,59,41,29,8,19,63.33,54.89,63.10,68.67,61.10,82.84,9880.11,3238.64,2587.19,1991.54,488.83,1573.91
3/19/2017,154,64,39,25,9,17,58.23,47.76,57.86,70.62,57.32,80.79,8968.00,3056.46,2256.72,1765.43,515.90,1373.49
3/20/2017,170,70,39,30,12,19,58.34,46.91,56.88,72.72,55.08,82.80,9917.50,3283.46,2218.21,2181.64,660.90,1573.29
3/21/2017,179,70,48,29,12,20,56.51,45.90,55.52,70.20,50.90,79.56,10115.57,3212.65,2665.02,2035.84,610.77,1591.29
3/22/2017,178,69,49,29,12,19,56.41,45.69,54.28,73.01,51.73,78.49,10041.60,3152.65,2659.69,2117.20,620.77,1491.29
3/23/2017,150,66,36,19,11,18,56.59,46.36,55.80,73.17,57.70,77.50,8488.63,3059.71,2008.92,1390.26,634.70,1395.04
3/24/2017,150,66,37,21,9,17,56.47,45.16,56.21,73.63,57.74,79.10,8470.81,2980.25,2079.86,1546.26,519.70,1344.74
3/25/2017,175,69,45,29,12,20,56.51,42.81,53.42,74.54,49.94,88.54,9889.20,2953.67,2403.86,2161.71,599.22,1770.74
3/26/2017,139,47,40,27,12,13,54.83,42.80,52.95,71.97,46.61,76.15,7621.87,2011.38,2118.17,1943.07,559.29,989.96
3/27/2017,147,56,43,26,11,11,53.59,44.42,53.03,70.01,46.48,70.74,7877.36,2487.55,2280.10,1820.26,511.29,778.16
3/28/2017,154,65,37,27,12,13,56.31,48.20,55.68,73.36,46.61,72.22,8671.74,3132.74,2060.19,1980.62,559.29,938.90
3/29/2017,161,64,45,27,10,15,58.66,52.18,54.32,72.46,50.87,79.74,9444.93,3339.48,2444.29,1956.32,508.73,1196.11
3/30/2017,167,63,47,29,11,17,63.90,57.41,62.63,71.35,65.17,77.94,10671.12,3616.61,2943.58,2069.04,716.83,1325.06
3/31/2017,172,65,48,29,11,19,66.50,60.31,67.17,71.83,63.23,79.74,11437.60,3919.84,3224.31,2082.93,695.52,1515.00
4/1/2017,161,65,40,27,11,18,69.87,61.96,71.50,78.03,62.10,87.29,11248.58,4027.69,2859.86,2106.76,683.05,1571.22
4/2/2017,149,58,37,25,12,17,70.53,64.29,70.84,74.97,63.75,89.43,10509.61,3728.92,2621.02,1874.26,765.05,1520.36
4/3/2017,155,61,37,27,10,20,72.26,65.34,72.97,73.39,64.06,94.66,11200.91,3985.93,2699.76,1981.54,640.58,1893.10
4/4/2017,139,51,37,21,8,22,74.04,67.23,70.72,76.42,67.75,95.42,10291.26,3428.52,2616.56,1604.91,541.98,2099.29
4/5/2017,179,68,48,30,12,21,67.10,57.69,67.08,76.43,64.37,85.83,12010.59,3923.14,3219.83,2292.84,772.40,1802.38
4/6/2017,178,68,47,30,12,21,67.81,55.54,66.69,75.84,67.28,98.85,12069.55,3776.57,3134.48,2275.31,807.40,2075.79
4/7/2017,157,60,37,28,11,21,70.41,53.62,61.12,91.66,72.73,105.19,11054.21,3217.36,2261.32,2566.50,800.00,2209.03
4/8/2017,180,70,48,30,12,20,74.41,56.09,66.38,96.31,77.80,122.89,13393.33,3926.53,3186.22,2889.22,933.57,2457.79
4/9/2017,159,66,42,26,9,16,81.00,63.87,74.65,101.76,87.18,131.15,12879.74,4215.70,3135.33,2645.65,784.59,2098.47
4/10/2017,154,64,41,23,10,16,87.21,73.97,77.69,101.34,104.41,133.50,13430.23,4733.97,3185.17,2330.93,1044.09,2136.07
4/11/2017,178,68,49,29,12,20,91.26,76.05,84.37,102.19,112.07,131.49,16243.46,5171.39,4133.97,2963.50,1344.84,2629.76
4/12/2017,173,68,47,27,12,19,93.86,77.55,82.42,102.49,119.01,152.39,16237.65,5273.56,3873.56,2767.11,1428.09,2895.33
4/13/2017,179,69,48,29,11,22,101.08,81.35,90.62,105.45,133.60,163.75,18093.25,5613.34,4349.69,3058.18,1469.64,3602.40
4/14/2017,182,69,48,29,12,24,105.16,85.44,95.37,107.31,153.68,154.60,19139.78,5895.39,4577.81,3112.07,1844.15,3710.36
4/15/2017,166,66,40,29,11,20,103.17,82.61,97.68,107.06,160.35,144.88,17125.54,5452.26,3907.14,3104.76,1763.88,2897.50
4/16/2017,151,58,34,28,11,20,96.47,75.21,87.30,109.92,130.92,135.96,14567.72,4362.19,2968.33,3077.86,1440.13,2719.21
4/17/2017,147,58,42,25,7,15,86.73,75.05,78.65,106.53,77.14,126.00,12749.58,4352.88,3303.40,2663.34,540.00,1889.96
4/18/2017,145,58,42,28,5,12,77.46,68.12,71.00,99.87,79.00,92.32,11232.18,3950.91,2982.17,2796.29,395.00,1107.81
4/19/2017,138,56,34,28,8,12,82.29,69.60,80.86,98.97,70.80,114.38,11356.58,3897.33,2749.20,2771.06,566.40,1372.59
4/20/2017,144,61,37,23,9,14,82.14,72.82,78.05,95.71,77.49,114.19,11827.59,4442.31,2888.00,2201.29,697.40,1598.59
4/21/2017,138,58,36,23,7,14,82.90,75.48,70.20,94.10,87.03,125.89,11440.68,4377.66,2527.06,2164.24,609.20,1762.52
4/22/2017,177,67,49,28,12,21,82.62,71.30,82.55,91.83,93.30,100.49,14623.07,4777.08,4044.81,2571.33,1119.59,2110.26
4/23/2017,176,67,49,29,12,19,80.59,73.39,81.67,79.50,85.22,101.90,14183.30,4917.35,4001.82,2305.39,1022.69,1936.05
4/24/2017,158,60,43,26,11,18,82.46,74.86,82.12,79.44,85.24,111.29,13029.10,4491.42,3531.37,2065.45,937.69,2003.17
4/25/2017,173,70,49,27,11,16,83.75,74.53,83.34,88.27,85.24,116.67,14488.03,5216.97,4083.45,2383.23,937.69,1866.69
4/26/2017,181,70,49,30,12,20,83.09,72.01,82.94,89.90,83.50,111.76,15039.29,5040.97,4064.02,2697.12,1001.99,2235.19
4/27/2017,170,66,45,28,12,19,86.37,74.71,84.33,96.88,83.50,118.03,14682.88,4930.95,3794.82,2712.56,1001.99,2242.56
4/28/2017,183,70,47,30,12,24,89.49,76.24,86.47,95.58,87.94,127.22,16376.63,5336.55,4064.32,2867.27,1055.24,3053.25
4/29/2017,183,70,49,30,12,22,90.15,77.98,83.72,96.94,84.77,136.84,16497.08,5458.70,4102.23,2908.33,1017.28,3010.54
4/30/2017,183,70,48,30,12,23,88.85,70.88,84.83,102.56,83.57,136.78,16258.93,4961.59,4071.78,3076.72,1002.81,3146.03
5/1/2017,172,69,43,29,11,20,84.77,65.34,82.58,101.79,83.96,132.32,14581.11,4508.51,3550.94,2951.82,923.51,2646.33
5/2/2017,157,59,43,28,9,18,77.90,56.14,73.86,99.41,65.86,131.42,12230.06,3312.18,3176.16,2783.48,592.71,2365.53
5/3/2017,177,66,49,30,12,20,74.96,53.25,71.55,98.54,68.39,123.50,13267.15,3514.40,3505.77,2956.22,820.71,2470.05
5/4/2017,177,68,49,29,12,19,73.54,55.18,69.78,97.95,59.40,120.58,13016.25,3752.55,3419.29,2840.56,712.84,2291.01
5/5/2017,171,69,47,26,11,18,76.86,57.63,75.60,99.10,60.44,131.77,13142.52,3976.23,3553.00,2576.63,664.84,2371.82
5/6/2017,154,62,45,22,11,14,80.14,61.30,80.88,104.87,60.44,137.78,12340.95,3800.43,3639.58,2307.18,664.84,1928.92
5/7/2017,133,53,42,16,11,11,77.47,61.68,80.67,101.21,59.04,125.27,10303.71,3268.83,3388.22,1619.28,649.41,1377.97
5/8/2017,158,66,46,20,12,14,79.17,64.07,84.63,96.00,60.51,124.39,12509.45,4228.81,3892.92,1920.08,726.17,1741.47
5/9/2017,179,69,49,30,12,19,79.88,65.09,86.42,91.21,68.42,106.06,14298.15,4491.39,4234.39,2736.18,821.02,2015.17
5/10/2017,169,68,48,28,11,14,77.98,62.30,84.70,94.38,68.35,105.82,13178.14,4236.58,4065.53,2642.68,751.89,1481.46
5/11/2017,174,68,49,30,10,17,82.73,62.55,88.36,101.61,77.18,117.21,14395.36,4253.35,4329.49,3048.18,771.76,1992.58
5/12/2017,179,68,49,30,12,20,83.96,62.92,89.68,100.16,81.99,118.40,15029.44,4278.57,4394.13,3004.76,983.91,2368.07
5/13/2017,175,68,48,28,12,19,84.53,61.41,90.39,103.12,78.51,128.89,14792.58,4175.61,4338.56,2887.41,942.09,2448.91
5/14/2017,170,68,45,30,8,19,80.97,59.21,85.51,100.86,66.79,122.69,13765.60,4026.58,3847.92,3025.75,534.28,2331.07
5/15/2017,174,64,48,27,11,24,74.90,57.07,76.93,89.49,71.00,103.75,13032.07,3652.31,3692.55,2416.19,780.95,2490.07
5/16/2017,182,68,47,30,12,25,78.02,58.28,76.45,93.00,85.36,113.12,14198.77,3963.27,3592.95,2790.09,1024.34,2828.12
5/17/2017,183,69,48,30,12,24,77.56,60.00,74.38,91.39,88.95,111.46,14193.86,4139.75,3570.06,2741.76,1067.34,2674.95
5/18/2017,183,69,48,30,12,24,76.75,59.88,71.41,91.28,94.28,109.02,14045.59,4131.85,3427.56,2738.40,1131.36,2616.42
5/19/2017,181,69,48,30,11,23,76.63,61.33,69.62,91.28,92.39,110.50,13869.30,4231.45,3341.64,2738.40,1016.31,2541.50
5/20/2017,174,65,45,30,12,22,78.57,64.22,71.24,92.02,97.19,107.43,13670.64,4174.51,3205.75,2760.60,1166.31,2363.47
5/21/2017,176,67,46,30,10,23,77.57,61.94,67.92,91.33,89.33,119.33,13652.45,4150.05,3124.54,2740.00,893.31,2744.55
5/22/2017,182,69,49,30,12,22,80.10,63.99,68.88,94.75,84.18,133.42,14578.47,4415.30,3375.25,2842.51,1010.11,2935.30
5/23/2017,178,69,48,28,12,21,80.91,67.69,71.69,92.42,70.09,136.24,14402.20,4670.81,3441.35,2587.84,841.08,2861.12
5/24/2017,179,68,48,30,12,21,78.00,67.03,71.15,76.63,76.23,132.15,13962.31,4558.16,3415.26,2298.99,914.78,2775.12
5/25/2017,180,70,48,29,12,21,79.99,69.25,66.86,84.02,81.37,139.51,14399.03,4847.35,3209.06,2436.51,976.39,2929.72
5/26/2017,179,69,49,27,12,22,80.52,69.66,68.61,81.97,85.39,136.67,14413.25,4806.61,3362.13,2213.18,1024.69,3006.64
5/27/2017,174,66,47,29,12,20,79.65,65.85,70.03,85.49,85.39,135.90,13859.10,4345.78,3291.43,2479.16,1024.69,2718.04
5/28/2017,172,68,48,22,11,23,90.24,69.38,85.70,117.23,92.46,134.53,15522.03,4718.11,4113.67,2579.03,1017.01,3094.21
5/29/2017,180,69,49,30,12,20,91.83,67.50,91.78,114.40,102.54,135.64,16530.09,4657.53,4497.38,3431.99,1230.48,2712.71
5/30/2017,180,68,48,30,12,22,94.29,69.34,92.95,116.15,98.32,142.32,16971.98,4715.08,4461.58,3484.49,1179.85,3130.98
5/31/2017,179,68,47,30,12,22,94.66,69.54,94.85,115.62,95.70,142.74,16944.13,4729.02,4458.00,3468.57,1148.35,3140.19
6/1/2017,164,63,44,30,7,20,104.55,82.68,100.56,123.09,100.56,155.76,17145.73,5209.15,4424.80,3692.65,703.94,3115.19
6/2/2017,173,63,48,30,12,20,109.97,85.76,107.85,124.71,115.15,166.13,19024.98,5402.77,5176.56,3741.22,1381.84,3322.59
6/3/2017,173,60,49,31,12,21,109.18,85.73,103.14,123.91,119.73,162.54,18888.76,5143.81,5053.67,3841.19,1436.74,3413.35
6/4/2017,169,63,45,29,12,20,105.14,79.87,99.40,122.51,119.71,163.75,17769.27,5032.02,4473.06,3552.71,1436.54,3274.94
6/5/2017,163,65,45,24,10,19,103.45,80.00,96.80,119.88,118.20,170.94,16862.63,5199.93,4355.79,2877.00,1181.97,3247.94
6/6/2017,175,70,49,28,12,16,102.56,81.79,101.69,112.21,115.35,169.59,17947.88,5725.39,4983.00,3141.83,1384.22,2713.44
6/7/2017,166,69,44,29,7,17,101.94,80.43,101.05,109.57,126.15,168.61,16922.84,5549.69,4446.20,3177.57,883.05,2866.33
6/8/2017,165,68,47,24,8,18,103.49,85.75,94.63,118.99,121.28,165.09,17076.00,5830.77,4447.59,2855.87,970.24,2971.53
6/9/2017,164,66,47,24,8,19,106.54,92.74,97.38,119.96,130.13,150.27,17473.08,6121.16,4576.71,2878.99,1041.03,2855.19
6/10/2017,178,67,49,30,9,23,117.26,108.94,98.23,124.00,140.98,163.94,20871.69,7298.90,4813.43,3720.02,1268.78,3770.56
6/11/2017,175,68,44,30,11,22,110.22,86.75,96.45,125.99,154.41,166.74,19289.19,5898.76,4243.83,3779.72,1698.53,3668.35
6/12/2017,172,65,44,30,12,21,108.15,87.55,96.31,127.07,115.74,165.32,18601.25,5690.98,4237.48,3812.22,1388.87,3471.70
6/13/2017,175,69,47,28,11,20,107.28,87.55,97.27,133.75,102.81,164.27,18773.56,6040.65,4571.76,3744.90,1130.87,3285.38
6/14/2017,176,69,47,30,10,20,113.40,90.75,98.39,140.66,150.26,167.54,19959.26,6261.65,4624.36,4219.82,1502.58,3350.85
6/15/2017,180,69,49,29,11,22,114.24,93.81,93.35,139.41,148.62,174.45,20562.93,6472.98,4574.27,4042.86,1634.83,3837.99
6/16/2017,179,69,48,29,11,22,116.76,99.00,91.89,134.87,149.98,186.26,20900.50,6830.87,4410.91,3911.28,1649.83,4097.61
6/17/2017,183,70,49,30,11,23,118.88,100.40,97.88,134.49,149.99,184.64,21755.48,7027.92,4796.25,4034.70,1649.87,4246.74
6/18/2017,170,64,48,29,8,21,114.00,99.09,91.84,132.99,150.45,170.03,19380.59,6341.51,4408.23,3856.70,1203.62,3570.53
6/19/2017,178,69,49,29,9,22,115.63,100.21,96.66,132.10,147.10,171.69,20582.77,6914.68,4736.10,3830.89,1323.92,3777.18
6/20/2017,178,67,47,28,8,28,118.51,98.66,97.57,129.99,167.68,175.60,21094.00,6610.31,4585.87,3639.69,1341.44,4916.69
6/21/2017,180,71,49,26,8,26,118.04,101.49,96.21,133.23,152.94,178.40,21246.39,7206.12,4714.44,3463.92,1223.55,4638.36
6/22/2017,181,70,48,30,8,25,119.59,101.89,101.14,134.64,152.94,175.87,21646.46,7132.49,4854.58,4039.15,1223.55,4396.69
6/23/2017,180,70,47,30,10,23,123.05,101.30,106.66,139.20,176.80,178.28,22148.78,7091.31,5013.20,4175.93,1767.98,4100.36
6/24/2017,183,69,49,30,11,24,122.56,106.58,105.21,131.01,166.40,173.24,22427.78,7354.11,5155.39,3930.22,1830.38,4157.68
6/25/2017,172,70,48,29,9,16,113.31,100.74,97.16,127.33,145.99,173.01,19490.05,7051.75,4663.73,3692.43,1313.93,2768.21
6/26/2017,182,69,49,30,12,22,111.85,100.46,98.56,117.68,134.80,156.68,20356.45,6931.91,4829.63,3530.34,1617.64,3446.93
6/27/2017,181,69,49,30,12,21,112.18,101.88,100.47,119.21,134.80,150.39,20304.99,7029.61,4923.26,3576.24,1617.64,3158.24
6/28/2017,174,67,46,29,10,22,111.90,97.24,101.73,121.18,138.88,153.31,19470.25,6514.94,4679.50,3514.28,1388.79,3372.74
6/29/2017,180,68,48,30,11,23,115.18,102.22,105.19,123.52,132.08,155.39,20732.45,6951.17,5048.94,3705.48,1452.86,3574.00
6/30/2017,175,68,49,29,12,17,123.30,111.15,111.52,130.23,156.10,170.86,21576.87,7558.09,5464.46,3776.53,1873.22,2904.57
7/1/2017,176,69,49,30,11,17,128.16,111.55,121.42,130.61,176.60,179.30,22555.69,7697.16,5949.46,3918.39,1942.57,3048.11
7/2/2017,170,68,48,27,11,16,128.02,109.96,124.77,124.97,162.29,196.14,21764.07,7477.57,5988.77,3374.25,1785.20,3138.28
7/3/2017,172,65,48,27,12,20,129.55,109.66,128.18,123.71,158.50,188.00,22282.09,7127.62,6152.40,3340.10,1901.97,3760.00
7/4/2017,182,68,49,30,12,23,131.91,113.19,131.04,129.66,156.50,179.24,24008.22,7696.89,6421.02,3889.90,1877.97,4122.44
7/5/2017,184,69,49,30,12,24,133.52,116.64,130.63,131.90,156.50,178.49,24567.77,8048.03,6400.88,3957.02,1877.97,4283.87
7/6/2017,183,70,49,30,11,23,134.45,119.62,131.24,132.52,167.82,172.96,24604.04,8373.49,6430.71,3975.70,1846.02,3978.12
7/7/2017,183,70,49,30,12,22,136.96,119.07,132.80,133.28,173.97,187.98,25063.60,8335.09,6507.09,3998.35,2087.62,4135.45
7/8/2017,184,70,49,30,12,23,142.46,125.43,140.26,136.48,175.02,189.76,26211.98,8780.01,6872.90,4094.25,2100.27,4364.55
7/9/2017,181,69,49,30,11,22,145.71,126.15,146.64,147.93,160.30,194.66,26373.10,8704.02,7185.35,4437.97,1763.27,4282.49
7/10/2017,182,69,48,30,12,23,152.35,128.30,156.72,151.99,187.50,197.56,27728.33,8852.37,7522.45,4559.60,2250.02,4543.89
7/11/2017,184,67,49,30,12,26,155.02,131.56,159.12,156.88,186.38,191.13,28523.69,8814.70,7796.67,4706.33,2236.52,4969.47
7/12/2017,182,69,48,28,12,25,155.53,132.69,161.87,169.51,171.37,183.12,28306.44,9155.91,7769.66,4746.32,2056.47,4578.08
7/13/2017,184,67,49,30,12,26,163.31,141.67,165.41,175.71,199.66,184.05,30049.21,9491.73,8104.89,5271.36,2395.86,4785.37
7/14/2017,179,68,49,27,10,25,171.92,150.19,172.16,183.29,209.54,203.23,30773.67,10212.94,8435.86,4948.72,2095.36,5080.79
7/15/2017,177,66,49,29,12,21,178.73,157.07,179.13,189.88,212.95,210.93,31635.44,10366.54,8777.53,5506.49,2555.43,4429.45
7/16/2017,165,64,45,30,10,16,178.11,154.32,185.24,188.85,218.12,208.02,29387.40,9876.29,8335.93,5665.55,2181.24,3328.39
7/17/2017,178,70,49,30,9,20,181.43,154.63,185.96,189.49,223.34,233.24,32295.12,10823.82,9111.92,5684.55,2010.03,4664.80
7/18/2017,181,70,48,30,12,21,179.70,152.33,184.77,192.04,215.00,221.53,32525.08,10662.89,8868.90,5761.22,2580.03,4652.04
7/19/2017,178,69,48,28,12,21,181.12,153.08,186.26,189.96,209.00,233.78,32239.28,10562.58,8940.45,5318.92,2508.03,4909.30
7/20/2017,176,69,47,28,11,21,183.34,155.06,186.52,188.33,225.80,240.19,32266.98,10699.47,8766.62,5273.16,2483.83,5043.90
7/21/2017,178,69,47,30,11,21,181.34,153.41,186.46,180.85,230.29,236.68,32277.83,10585.14,8763.76,5425.46,2533.22,4970.25
7/22/2017,177,68,44,30,12,23,182.27,158.93,180.39,181.73,220.48,235.65,32261.59,10807.14,7937.00,5451.76,2645.72,5419.97
7/23/2017,172,64,49,29,10,20,184.19,157.09,186.13,184.31,204.39,255.84,31680.15,10053.87,9120.61,5345.03,2043.87,5116.77
7/24/2017,185,70,49,30,12,24,185.46,162.66,185.34,188.32,209.92,236.40,34309.88,11385.97,9081.78,5649.57,2519.03,5673.53
7/25/2017,183,69,49,29,12,24,187.10,167.49,185.18,197.05,205.88,226.00,34239.40,11556.65,9073.66,5714.58,2470.61,5423.90
7/26/2017,178,69,49,27,11,22,186.94,168.91,180.33,198.45,210.10,232.49,33274.67,11654.64,8835.94,5358.23,2311.08,5114.78
7/27/2017,178,64,49,29,11,25,187.78,170.82,179.04,196.49,212.52,227.32,33424.30,10932.61,8772.74,5698.13,2337.76,5683.06
7/28/2017,182,66,49,31,11,25,185.38,177.35,173.35,191.44,221.83,206.57,33738.25,11705.24,8494.08,5934.68,2440.08,5164.17
7/29/2017,177,61,48,30,11,27,187.42,175.72,176.46,194.52,221.84,211.45,33174.17,10718.86,8470.15,5835.74,2440.25,5709.17
7/30/2017,177,67,45,30,9,26,180.01,162.09,176.49,197.21,212.97,200.99,31860.94,10859.80,7942.24,5916.41,1916.74,5225.75
7/31/2017,166,62,44,28,8,24,184.59,164.42,185.60,213.11,201.30,196.00,30641.67,10193.78,8166.50,5967.05,1610.41,4703.93
8/1/2017,184,66,47,30,12,29,191.52,165.37,192.62,217.95,195.75,220.15,35239.14,10914.12,9053.20,6538.51,2348.99,6384.32
8/2/2017,185,67,48,30,12,28,194.32,167.96,196.68,216.08,209.66,223.44,35948.37,11252.99,9440.57,6482.41,2515.95,6256.45
8/3/2017,178,61,49,30,12,26,199.30,176.77,183.74,220.39,214.65,250.08,35475.54,10782.69,9003.27,6611.58,2575.85,6502.15
8/4/2017,183,69,49,30,12,23,201.92,179.96,187.11,222.10,220.70,263.26,36951.71,12417.00,9168.31,6663.10,2648.35,6054.95
8/5/2017,181,69,49,30,11,22,199.90,177.80,199.21,204.88,230.91,248.42,36181.00,12268.12,9761.26,6146.28,2540.04,5465.30
8/6/2017,178,66,49,29,12,22,201.84,179.92,188.66,212.04,243.71,260.69,35927.57,11874.51,9244.21,6149.09,2924.56,5735.20
8/7/2017,184,68,49,30,12,25,199.41,178.37,187.72,209.05,242.65,247.21,36690.66,12128.87,9198.14,6271.50,2911.79,6180.36
8/8/2017,184,69,49,30,12,24,199.36,178.82,188.37,207.18,244.25,248.66,36682.97,12338.60,9230.23,6215.41,2930.98,5967.75
8/9/2017,183,69,49,29,12,24,201.27,183.98,193.25,202.21,242.33,245.71,36832.94,12694.90,9469.10,5863.98,2907.98,5896.98
8/10/2017,178,70,47,28,11,22,201.07,188.12,187.42,205.06,234.54,249.64,35791.18,13168.69,8808.72,5741.69,2579.98,5492.10
8/11/2017,183,69,49,30,12,23,201.08,190.04,181.84,204.81,233.41,253.43,36797.08,13112.89,8910.06,6144.37,2800.96,5828.80
8/12/2017,184,70,49,30,12,23,200.88,187.78,182.81,200.94,247.94,254.65,36962.19,13144.36,8957.53,6028.10,2975.33,5856.87
8/13/2017,177,68,48,28,12,21,194.95,182.44,179.94,195.82,224.34,251.86,34506.57,12405.61,8636.94,5482.86,2692.13,5289.03
8/14/2017,184,68,49,30,12,25,195.51,180.64,178.01,200.29,225.67,250.01,35972.94,12283.38,8722.54,6008.76,2708.06,6250.20
8/15/2017,179,70,47,29,11,22,188.82,173.43,175.34,196.30,232.03,235.12,33798.75,12140.19,8240.89,5692.76,2552.36,5172.55
8/16/2017,184,70,49,30,12,23,193.82,183.21,177.48,202.63,220.67,235.38,35661.96,12824.84,8696.46,6079.03,2647.99,5413.64
8/17/2017,182,70,49,29,12,22,198.30,186.72,181.61,194.39,223.83,263.56,36090.52,13070.12,8898.74,5637.33,2686.01,5798.32
8/18/2017,184,69,50,30,12,23,202.96,186.91,180.98,214.09,215.39,277.90,37344.73,12896.62,9049.08,6422.56,2584.69,6391.78
8/19/2017,184,70,49,30,12,23,204.85,183.65,181.22,225.55,219.73,284.97,37692.69,12855.67,8879.59,6766.43,2636.78,6554.22
8/20/2017,180,70,47,28,12,23,199.51,175.52,187.12,224.10,209.07,262.93,35912.07,12286.15,8794.86,6274.89,2508.89,6047.28
8/21/2017,184,67,50,31,12,24,202.59,173.55,198.01,229.06,212.20,254.17,37276.34,11628.07,9900.70,7101.01,2546.39,6100.17
8/22/2017,184,68,49,31,12,24,203.39,170.99,198.43,236.06,216.47,256.60,37424.43,11627.56,9722.95,7317.81,2597.62,6158.49
8/23/2017,183,68,48,31,12,24,205.41,173.00,196.31,235.78,221.47,268.17,37589.92,11764.17,9422.96,7309.17,2657.62,6436.00
8/24/2017,182,67,48,31,12,24,204.98,175.28,193.26,237.16,225.63,259.44,37306.45,11743.85,9276.49,7352.03,2707.50,6226.58
8/25/2017,182,68,48,30,12,24,203.99,178.11,193.97,232.80,220.74,252.96,37126.29,12111.62,9310.64,6984.04,2648.84,6071.15
8/26/2017,180,68,48,29,12,23,199.40,175.89,190.05,225.67,213.25,248.05,35891.25,11960.33,9122.33,6544.50,2559.04,5705.05
8/27/2017,179,66,49,27,12,25,192.15,169.25,176.02,209.34,214.66,254.84,34394.38,11170.18,8625.22,5652.08,2575.93,6370.97
8/28/2017,174,68,47,24,11,24,190.89,170.52,180.55,192.87,227.01,250.34,33215.19,11595.34,8485.76,4628.93,2497.09,6008.07
8/29/2017,173,67,48,28,10,20,185.95,168.86,173.42,191.11,231.53,243.28,32169.28,11313.36,8323.99,5351.10,2315.29,4865.54
8/30/2017,174,66,48,30,11,19,176.95,166.21,160.31,190.61,201.67,220.40,30788.80,10969.63,7694.83,5718.39,2218.36,4187.59
8/31/2017,170,63,47,30,10,20,171.07,153.78,162.55,181.23,185.74,223.01,29082.20,9688.02,7639.76,5436.82,1857.36,4460.24
9/1/2017,143,55,42,22,8,16,165.65,150.61,158.91,165.16,195.67,220.73,23687.87,8283.38,6674.05,3633.41,1565.36,3531.67
9/2/2017,106,39,32,21,4,10,159.27,143.97,151.39,164.35,206.24,214.63,16882.15,5614.89,4844.61,3451.35,824.96,2146.34
9/3/2017,75,25,27,16,1,6,147.86,129.47,149.49,155.88,222.86,183.22,11089.36,3236.77,4036.28,2494.10,222.86,1099.35
9/4/2017,64,23,20,15,1,5,140.89,127.23,133.38,155.70,222.86,173.01,9017.27,2926.27,2667.58,2335.50,222.86,865.06
9/5/2017,45,14,17,11,1,2,140.46,119.19,130.30,155.90,222.86,249.65,6320.85,1668.65,2215.15,1714.90,222.86,499.29
9/6/2017,32,10,10,10,0,2,131.86,101.55,120.32,150.15,#DIV/0!,249.65,4219.50,1015.50,1203.24,1501.47,0.00,499.29
9/7/2017,17,3,7,7,0,0,131.60,96.85,122.23,155.86,#DIV/0!,#DIV/0!,2237.24,290.56,855.64,1091.04,0.00,0.00
9/8/2017,13,2,5,6,0,0,141.01,94.41,131.41,164.56,#DIV/0!,#DIV/0!,1833.19,188.81,657.04,987.34,0.00,0.00
9/9/2017,7,2,2,3,0,0,135.22,94.41,98.80,186.70,#DIV/0!,#DIV/0!,946.52,188.81,197.60,560.11,0.00,0.00
9/10/2017,3,1,1,1,0,0,121.81,99.06,112.80,153.57,#DIV/0!,#DIV/0!,365.43,99.06,112.80,153.57,0.00,0.00
9/11/2017,3,1,1,1,0,0,121.81,99.06,112.80,153.57,#DIV/0!,#DIV/0!,365.43,99.06,112.80,153.57,0.00,0.00
9/12/2017,2,1,1,0,0,0,105.93,99.06,112.80,#DIV/0!,#DIV/0!,#DIV/0!,211.86,99.06,112.80,0.00,0.00,0.00
9/13/2017,2,1,1,0,0,0,105.93,99.06,112.80,#DIV/0!,#DIV/0!,#DIV/0!,211.86,99.06,112.80,0.00,0.00,0.00
9/14/2017,0,0,0,0,0,0,#DIV/0!,#DIV/0!,#DIV/0!,#DIV/0!,#DIV/0!,#DIV/0!,0.00,0.00,0.00,0.00,0.00,0.00
9/15/2017,0,0,0,0,0,0,#DIV/0!,#DIV/0!,#DIV/0!,#DIV/0!,#DIV/0!,#DIV/0!,0.00,0.00,0.00,0.00,0.00,0.00
9/16/2017,0,0,0,0,0,0,#DIV/0!,#DIV/0!,#DIV/0!,#DIV/0!,#DIV/0!,#DIV/0!,0.00,0.00,0.00,0.00,0.00,0.00
9/17/2017,0,0,0,0,0,0,#DIV/0!,#DIV/0!,#DIV/0!,#DIV/0!,#DIV/0!,#DIV/0!,0.00,0.00,0.00,0.00,0.00,0.00
